row_id,source,lat_deg,lon_deg,report_date,status_id,water_source_clean,water_source_category,water_tech_clean,_water_tech_category,facility_type,clean_country_name,clean_country_id,clean_adm1,clean_adm2,clean_adm3,clean_adm4,install_year,installer,rehab_year,rehabilitator,management_clean,status_clean,pay_clean,fecal_coliform_presence,fecal_coliform_value,subjective_quality_clean,activity_id,scheme_id,wpdx_id,notes,orig_lnk,photo_lnk,country_id,data_lnk,distance_to_primary,distance_to_secondary,distance_to_tertiary,distance_to_city,distance_to_town,water_point_history,local_population,served_population,rehab_priority,_pop_who_would_gain_access,crucialness,pressure,usage_cap,days_since_report,staleness_score,is_latest,location_id,is_urban,cluster_size,country_name,water_source,water_tech,status,adm1,adm2,adm3,management,pay,subjective_quality,new_georeferenced_column_,lat_lon_deg,public_data_source,converted,count,created_timestamp,updated,is_duplicate,dataset_title
778031,Evidence Action,-1.037077427,34.35804553,2014-03-14T00:00:00.000,Yes,Borehole/Tubewell,Well,,,Improved,Kenya,KEN,Migori,Suna West,Wiga,,,,,,,Non-Functional,,,,,,,6GCPX975+567,Kanyapala Borehole,,,KE,https://catalog.waterpointdata.org/datasets/evidence-action-kenya-wpdx-reingestion-5f74c47f,60473.07539,86.20851364,1282.758349,61097.6931,12515.44934,"{""2014-03-14"": {""source"": ""Evidence Action"", ""status_id"": ""Yes"", ""water_source_clean"": ""Borehole/Tubewell""}}",1340.0,402.0,,,0.3,1.34,300.0,4510,24.13248083,True,131306,False,1,Kenya,Borehole,,,,,,,,,POINT (34.3580455285 -1.0370774269),"(-1.0370774269°, 34.3580455285°)",https://catalog.waterpointdata.org/datafiles/evidence-action-kenya-wpdx-reingestion-5f74c47f.xlsx,,1,2020-09-30T17:46:39.000,2020-09-30T17:46:39.000,,Evidence Action_Kenya_2012-2016
652654,Evidence Action,-0.821468333,34.26834,2023-12-15T00:00:00.000,Yes,Borehole/Tubewell,Well,,,Improved,Kenya,KEN,Migori,Nyatike,Kanyasa,,,,,,,Non-Functional,,,,,10311111,,6GFP57H9+C88,,,,KE,https://catalog.waterpointdata.org/datasets/evidence-action-kenya-2023-2024-66217272,56871.93576,4724.147147,4009.326904,58081.89647,30837.39952,"{""2023-12-15"": {""source"": ""Evidence Action"", ""status_id"": ""Yes"", ""water_source_clean"": ""Borehole/Tubewell""}}",1250.0,771.0,,,0.6168,2.57,300.0,947,74.19251672,True,432415,False,1,Kenya,Borehole,,,Homa Bay,Ndhiwa,Kadhola,,,,POINT (34.26834 -0.8214683333),"(-0.8214683333°, 34.26834°)",https://catalog.waterpointdata.org/datafiles/evidence-action-kenya-2023-2024-66217272.xlsx,,1,2024-04-18T19:20:18.000,2024-04-18T19:20:18.000,,Evidence Action_Kenya_2023-2024
777817,Evidence Action,-1.033598512,34.4297619,2014-03-13T00:00:00.000,Yes,Protected Well,Well,,,Improved,Kenya,KEN,Migori,Suna East,Kakrao,,,,,,,Non-Functional,,,,,,,6GCPXC8H+HW6,Nyakirombe Protected Spring,,,KE,https://catalog.waterpointdata.org/datasets/evidence-action-kenya-wpdx-reingestion-5f74c47f,54631.76949,3455.767534,155.6619845,55112.24352,5488.813436,"{""2014-03-13"": {""source"": ""Evidence Action"", ""status_id"": ""Yes"", ""water_source_clean"": ""Protected Well""}}",1244.0,689.0,,,0.553858521,2.296666667,300.0,4511,24.12487516,True,131293,False,1,Kenya,Protected Spring,,,,,,,,,POINT (34.4297619027 -1.0335985118),"(-1.0335985118°, 34.4297619027°)",https://catalog.waterpointdata.org/datafiles/evidence-action-kenya-wpdx-reingestion-5f74c47f.xlsx,,1,2020-09-30T17:46:39.000,2020-09-30T17:46:39.000,,Evidence Action_Kenya_2012-2016
641922,Evidence Action,-1.155366659,34.4180603,2023-11-12T00:00:00.000,Yes,Borehole/Tubewell,Well,,,Improved,Kenya,KEN,Migori,Kuria West,Nyamosense/Komosoko,,,,,,,Non-Functional,,,,,10340119,,6GCPRCV9+V63,,,,KE,https://catalog.waterpointdata.org/datasets/evidence-action-kenya-2023-2024-66217272,65447.87678,6337.807411,2810.616757,66353.19892,11600.90608,"{""2023-11-12"": {""source"": ""Evidence Action"", ""status_id"": ""Yes"", ""water_source_clean"": ""Borehole/Tubewell""}}",1057.0,342.0,,,0.323557237,1.14,300.0,980,73.42476355,True,429249,False,1,Kenya,Borehole,,,Migori,Kuria West,Iraha,,,,POINT (34.418060302734375 -1.1553666591644287),"(-1.1553666591644287°, 34.418060302734375°)",https://catalog.waterpointdata.org/datafiles/evidence-action-kenya-2023-2024-66217272.xlsx,,1,2024-04-18T19:20:18.000,2024-04-18T19:20:18.000,,Evidence Action_Kenya_2023-2024
641012,Evidence Action,-1.227414966,34.55416489,2023-11-27T00:00:00.000,Yes,Borehole/Tubewell,Well,,,Improved,Kenya,KEN,Migori,Kuria East,Gokeharaka/Getambwega,,,,,,,Non-Functional,,,,,10321064,,6GCPQHF3+2MM,,,,KE,https://catalog.waterpointdata.org/datasets/evidence-action-kenya-2023-2024-66217272,63450.51331,4580.259987,2101.741216,66124.21867,7749.633884,"{""2023-11-27"": {""source"": ""Evidence Action"", ""status_id"": ""Yes"", ""water_source_clean"": ""Borehole/Tubewell""}}",1533.0,298.0,,,0.194390085,0.993333333,300.0,965,73.7727524,True,431431,False,1,Kenya,Borehole,,,Migori,Kuria West,Ihore,,,,POINT (34.55416488647461 -1.2274149656295776),"(-1.2274149656295776°, 34.55416488647461°)",https://catalog.waterpointdata.org/datafiles/evidence-action-kenya-2023-2024-66217272.xlsx,,1,2024-04-18T19:20:18.000,2024-04-18T19:20:18.000,,Evidence Action_Kenya_2023-2024
799197,Evidence Action,-1.167887198,34.47960665,2014-08-27T00:00:00.000,Yes,Borehole/Tubewell,Well,,,Improved,Kenya,KEN,Migori,Kuria West,Tagare,,,,,,,Non-Functional,,,,,,,6GCPRFJH+RRX,Kemosoti Borehole,,,KE,https://catalog.waterpointdata.org/datasets/evidence-action-kenya-wpdx-reingestion-5f74c47f,62452.46111,5324.883024,206.1030412,63773.17989,8009.531275,"{""2014-08-27"": {""source"": ""Evidence Action"", ""status_id"": ""Yes"", ""water_source_clean"": ""Borehole/Tubewell""}}",1811.0,837.0,,,0.462175594,2.79,300.0,4344,25.42884286,True,139773,False,1,Kenya,Borehole,,,,,,,,,POINT (34.4796066509 -1.1678871975),"(-1.1678871975°, 34.4796066509°)",https://catalog.waterpointdata.org/datafiles/evidence-action-kenya-wpdx-reingestion-5f74c47f.xlsx,,1,2020-09-30T17:46:39.000,2020-09-30T17:46:39.000,,Evidence Action_Kenya_2012-2016
640388,Evidence Action,-1.004293323,34.56266403,2023-12-14T00:00:00.000,Yes,Borehole/Tubewell,Well,,,Improved,Kenya,KEN,Migori,Uriri,East Kanyamkago,,,,,,,Non-Functional,,,,,10320239,,6GCPXHW7+73M,,,,KE,https://catalog.waterpointdata.org/datasets/evidence-action-kenya-2023-2024-66217272,42357.63477,13074.00793,81.75336012,43502.94641,11192.76748,"{""2023-12-14"": {""source"": ""Evidence Action"", ""status_id"": ""Yes"", ""water_source_clean"": ""Borehole/Tubewell""}}",1096.0,317.0,,,0.289233577,1.056666667,300.0,948,74.16913394,True,432236,False,1,Kenya,Borehole,,,Migori,Suna East,Remo,,,,POINT (34.56266403198242 -1.0042933225631714),"(-1.0042933225631714°, 34.56266403198242°)",https://catalog.waterpointdata.org/datafiles/evidence-action-kenya-2023-2024-66217272.xlsx,,1,2024-04-18T19:20:18.000,2024-04-18T19:20:18.000,,Evidence Action_Kenya_2023-2024
642539,Evidence Action,-0.982061684,34.43284988,2023-04-12T00:00:00.000,Yes,Protected Well,Well,Motorized Pump - Electric,Motorized Pump,Improved,Kenya,KEN,Migori,Uriri,West Kanyamkago,,,,,,,Non-Functional,,,,,10340800,,6GFP2C9M+54H,,,,KE,https://catalog.waterpointdata.org/datasets/evidence-action-kenya-2023-2024-66217272,50253.6816,8321.039489,423.2356312,50844.21684,10074.33145,"{""2023-04-12"": {""source"": ""Evidence Action"", ""status_id"": ""Yes"", ""water_source_clean"": ""Protected Well"", ""water_tech_clean"": ""Motorized Pump - Electric""}}",1637.0,512.0,,,0.312767257,1.706666667,300.0,1194,68.63520761,True,425446,False,1,Kenya,Protected Spring (not powered by solar/electricity),,,Migori,Uriri,Kajulu 1,,,,POINT (34.4328498840332 -0.9820616841316223),"(-0.9820616841316223°, 34.4328498840332°)",https://catalog.waterpointdata.org/datafiles/evidence-action-kenya-2023-2024-66217272.xlsx,,1,2024-04-18T19:20:18.000,2024-04-18T19:20:18.000,,Evidence Action_Kenya_2023-2024
639545,Evidence Action,-0.902018309,34.58051682,2023-11-22T00:00:00.000,Yes,Protected Well,Well,Motorized Pump - Electric,Motorized Pump,Improved,Kenya,KEN,Migori,Awendo,South Sakwa,,,,,,,Non-Functional,,,,,10310235,,6GFP3HXJ+56R,,,,KE,https://catalog.waterpointdata.org/datasets/evidence-action-kenya-2023-2024-66217272,32557.73677,15400.48925,260.9851335,33107.12588,5471.238803,"{""2023-11-22"": {""source"": ""Evidence Action"", ""status_id"": ""Yes"", ""water_source_clean"": ""Protected Well"", ""water_tech_clean"": ""Motorized Pump - Electric""}}",1259.0,1259.0,,,1.0,4.196666667,300.0,970,73.65657325,True,430762,False,1,Kenya,Protected Spring (not powered by solar/electricity),,,Migori,Awendo,Kogello East,,,,POINT (34.58051681518555 -0.9020183086395264),"(-0.9020183086395264°, 34.58051681518555°)",https://catalog.waterpointdata.org/datafiles/evidence-action-kenya-2023-2024-66217272.xlsx,,1,2024-04-18T19:20:18.000,2024-04-18T19:20:18.000,,Evidence Action_Kenya_2023-2024
640977,Evidence Action,-1.331778288,34.68755722,2023-11-23T00:00:00.000,Yes,Borehole/Tubewell,Well,,,Improved,Kenya,KEN,Migori,Kuria East,Ntimaru West,,,,,,,Non-Functional,,,,,10321009,,6GCPMM9Q+72M,,,,KE,https://catalog.waterpointdata.org/datasets/evidence-action-kenya-2023-2024-66217272,67523.94373,4870.671217,398.2859744,73783.39494,17087.62263,"{""2023-11-23"": {""source"": ""Evidence Action"", ""status_id"": ""Yes"", ""water_source_clean"": ""Borehole/Tubewell""}}",3822.0,1003.0,,,0.262428048,3.343333333,300.0,969,73.67979443,True,431011,False,1,Kenya,Borehole,,,Migori,Kuria East,Wangirabose,,,,POINT (34.687557220458984 -1.3317782878875732),"(-1.3317782878875732°, 34.687557220458984°)",https://catalog.waterpointdata.org/datafiles/evidence-action-kenya-2023-2024-66217272.xlsx,,1,2024-04-18T19:20:18.000,2024-04-18T19:20:18.000,,Evidence Action_Kenya_2023-2024
103429,USAID/KEA KIWASH,-1.2564818,34.6531062,2021-01-27T00:00:00.000,Yes,Borehole/Tubewell,Well,Public Tapstand,Public Tapstand,Improved,Kenya,KEN,Migori,Kuria East,Nyabasi East,,2013.0,Community Based Organization/ Self-Help Group/ Faith Based Organization /NGO,,,Community Management,"Functional, not in use",,,,Unacceptable quality,Migori_enumerator-962X5U,,6GCPPMV3+C65,,,https://api.mwater.co/v3/images/99d56a6710fa419c97f15fb8511a0042,KE,https://catalog.waterpointdata.org/datasets/usaid-kiwash-kenya-2021-6372a622,61398.30875,7549.199389,713.90608,66158.25898,7949.771758,"{""2021-01-27"": {""photo_lnk"": ""https://api.mwater.co/v3/images/99d56a6710fa419c97f15fb8511a0042"", ""source"": ""USAID/KEA KIWASH"", ""status_id"": ""Yes"", ""water_source_clean"": ""Borehole/Tubewell"", ""water_tech_clean"": ""Public Tapstand""}}",3467.0,758.0,,,0.218632824,2.526666667,300.0,1999,53.25325946,True,402032,False,1,Kenya,Borehole,"KIOSK, public tap",Yes- functional and in use,Migori,KURIA EAST,Nyabasi East,Project management committee,,"No, the water is not treated and safe for drinking",POINT (34.6531062 -1.2564818),"(-1.2564818°, 34.6531062°)",https://catalog.waterpointdata.org/datafiles/usaid-kiwash-kenya-2021-6372a622.csv,"#status_id, #orig_lnk",1,2022-11-14T20:33:38.000,2022-11-14T20:33:38.000,,USAID_KIWASH_Kenya_2021
640644,Evidence Action,-1.238281608,34.53304291,2023-06-12T00:00:00.000,Yes,Borehole/Tubewell,Well,Public Tapstand,Public Tapstand,Improved,Kenya,KEN,Migori,Kuria East,Gokeharaka/Getambwega,,2008.0,Community Based Organization/ Self-Help Group/ Faith Based Organization /NGO,,,Community Management,Non-Functional,,,,Unacceptable quality,10320545,,6GCPQG6M+P6V,,,https://api.mwater.co/v3/images/8a47771f0e8f4bf78032e1f4a42b21ca,KE,https://catalog.waterpointdata.org/datasets/evidence-action-kenya-2023-2024-66217272,65704.66557,2406.519658,1889.965082,68113.61231,5994.115174,"{""2021-02-04"": {""photo_lnk"": ""https://api.mwater.co/v3/images/8a47771f0e8f4bf78032e1f4a42b21ca"", ""source"": ""USAID/KEA KIWASH"", ""status_id"": ""Yes"", ""water_source_clean"": ""Protected Well"", ""water_tech_clean"": ""Public Tapstand""}, ""2023-06-12"": {""photo_lnk"": ""https://api.mwater.co/v3/images/8a47771f0e8f4bf78032e1f4a42b21ca"", ""source"": ""Evidence Action"", ""status_id"": ""Yes"", ""water_source_clean"": ""Borehole/Tubewell"", ""water_tech_clean"": ""Public Tapstand""}}",1503.0,846.0,,,0.562874251,2.82,300.0,1133,69.96769519,True,405608,False,2,Kenya,Borehole,"KIOSK, public tap",Yes- functional and in use,Migori,Kuria West,Ihore,Project management committee,,"No, the water is not treated and safe for drinking",POINT (34.533042907714844 -1.2382816076278687),"(-1.2382816076278687°, 34.533042907714844°)",https://catalog.waterpointdata.org/datafiles/evidence-action-kenya-2023-2024-66217272.xlsx,"#status_id, #orig_lnk",1,2024-04-18T19:20:18.000,2024-04-18T19:20:18.000,,Evidence Action_Kenya_2023-2024
640277,Evidence Action,-1.090826631,34.48913574,2023-11-15T00:00:00.000,Yes,Protected Well,Well,Motorized Pump - Electric,Motorized Pump,Improved,Kenya,KEN,Migori,Suna East,Suna Central,,,,,,,Non-Functional,,,,,10320094,,6GCPWF5Q+MM6,,,,KE,https://catalog.waterpointdata.org/datasets/evidence-action-kenya-2023-2024-66217272,54931.19144,2352.724754,1124.248858,55976.71003,3669.801606,"{""2023-11-15"": {""source"": ""Evidence Action"", ""status_id"": ""Yes"", ""water_source_clean"": ""Protected Well"", ""water_tech_clean"": ""Motorized Pump - Electric""}}",1950.0,367.0,,,0.188205128,1.223333333,300.0,977,73.49422976,True,429603,False,1,Kenya,Protected Spring (not powered by solar/electricity),,,Migori,Suna West,Ngege,,,,POINT (34.4891357421875 -1.0908266305923462),"(-1.0908266305923462°, 34.4891357421875°)",https://catalog.waterpointdata.org/datafiles/evidence-action-kenya-2023-2024-66217272.xlsx,,1,2024-04-18T19:20:18.000,2024-04-18T19:20:18.000,,Evidence Action_Kenya_2023-2024
782557,Evidence Action,-0.87942186,34.5370986,2014-03-28T00:00:00.000,Yes,Protected Well,Well,,,Improved,Kenya,KEN,Migori,Awendo,Central Sakwa,,,,,,,Non-Functional,,,,,,,6GFP4GCP+6RQ,Ko-Ouma Protected Spring,,,KE,https://catalog.waterpointdata.org/datasets/evidence-action-kenya-wpdx-reingestion-5f74c47f,34022.62187,14994.42769,1532.753196,34621.45871,3214.182173,"{""2014-03-28"": {""source"": ""Evidence Action"", ""status_id"": ""Yes"", ""water_source_clean"": ""Protected Well""}}",3019.0,791.0,,,0.262007287,2.636666667,300.0,4496,24.23921243,True,131749,False,1,Kenya,Protected Spring,,,,,,,,,POINT (34.5370986 -0.87942186),"(-0.87942186°, 34.5370986°)",https://catalog.waterpointdata.org/datafiles/evidence-action-kenya-wpdx-reingestion-5f74c47f.xlsx,,1,2020-09-30T17:46:39.000,2020-09-30T17:46:39.000,,Evidence Action_Kenya_2012-2016
639749,Evidence Action,-0.883698344,34.57611847,2023-12-15T00:00:00.000,Yes,Protected Well,Well,Motorized Pump - Electric,Motorized Pump,Improved,Kenya,KEN,Migori,Awendo,South Sakwa,,,,,,,Non-Functional,,,,,10310504,,6GFP4H8G+GF8,Konoo Protected Spring,,,KE,https://catalog.waterpointdata.org/datasets/evidence-action-kenya-2023-2024-66217272,31450.11835,13661.23522,667.0934365,31884.6881,5624.155365,"{""2014-03-27"": {""source"": ""Evidence Action"", ""status_id"": ""Yes"", ""water_source_clean"": ""Protected Well""}, ""2023-12-15"": {""source"": ""Evidence Action"", ""status_id"": ""Yes"", ""water_source_clean"": ""Protected Well"", ""water_tech_clean"": ""Motorized Pump - Electric""}}",1246.0,307.0,,,0.246388443,1.023333333,300.0,947,74.19251672,True,131727,False,2,Kenya,Protected Spring (not powered by solar/electricity),,,Migori,Awendo,Kogello West,,,,POINT (34.57611846923828 -0.8836983442306519),"(-0.8836983442306519°, 34.57611846923828°)",https://catalog.waterpointdata.org/datafiles/evidence-action-kenya-2023-2024-66217272.xlsx,,1,2024-04-18T19:20:18.000,2024-04-18T19:20:18.000,,Evidence Action_Kenya_2023-2024
640871,Evidence Action,-1.182605028,34.63983154,2023-11-14T00:00:00.000,Yes,Borehole/Tubewell,Well,,,Improved,Kenya,KEN,Migori,Kuria East,Nyabasi West,,,,,,,Non-Functional,,,,,10320862,,6GCPRJ8Q+XW4,,,,KE,https://catalog.waterpointdata.org/datasets/evidence-action-kenya-2023-2024-66217272,54591.26276,1708.601681,1481.040839,58511.06201,2991.87115,"{""2023-11-14"": {""source"": ""Evidence Action"", ""status_id"": ""Yes"", ""water_source_clean"": ""Borehole/Tubewell""}}",1378.0,502.0,,,0.364296081,1.673333333,300.0,978,73.47106706,True,429388,False,1,Kenya,Borehole,,,Migori,Kuria East,Nyaitara,,,,POINT (34.63983154296875 -1.1826050281524658),"(-1.1826050281524658°, 34.63983154296875°)",https://catalog.waterpointdata.org/datafiles/evidence-action-kenya-2023-2024-66217272.xlsx,,1,2024-04-18T19:20:18.000,2024-04-18T19:20:18.000,,Evidence Action_Kenya_2023-2024
641030,Evidence Action,-1.288521647,34.55876923,2024-01-16T00:00:00.000,Yes,Protected Well,Well,Motorized Pump - Electric,Motorized Pump,Improved,Kenya,KEN,Migori,Kuria East,Gokeharaka/Getambwega,,,,,,,Non-Functional,,,,,10321095,,6GCPPH65+HGR,,,,KE,https://catalog.waterpointdata.org/datasets/evidence-action-kenya-2023-2024-66217272,69093.26429,581.8992683,1499.588019,72303.24161,10333.47927,"{""2024-01-16"": {""source"": ""Evidence Action"", ""status_id"": ""Yes"", ""water_source_clean"": ""Protected Well"", ""water_tech_clean"": ""Motorized Pump - Electric""}}",1124.0,261.0,,,0.232206406,0.87,300.0,915,74.94467048,True,433024,False,1,Kenya,Protected Spring (not powered by solar/electricity),,,Migori,Kuria East,Masangora,,,,POINT (34.55876922607422 -1.288521647453308),"(-1.288521647453308°, 34.55876922607422°)",https://catalog.waterpointdata.org/datafiles/evidence-action-kenya-2023-2024-66217272.xlsx,,1,2024-04-18T19:20:18.000,2024-04-18T19:20:18.000,,Evidence Action_Kenya_2023-2024
103344,USAID/KEA KIWASH,-1.053719,34.4225998,2021-01-29T00:00:00.000,Yes,Protected Well,Well,Public Tapstand,Public Tapstand,Improved,Kenya,KEN,Migori,Suna East,Kakrao,,2002.0,,,,Other,"Functional, not in use",,,,Unacceptable quality,Migori_enumerator-968VXW,,6GCPWCWF+G29,,,https://api.mwater.co/v3/images/a60d424b21ca44969322bcc68a2d9571,KE,https://catalog.waterpointdata.org/datasets/usaid-kiwash-kenya-2021-6372a622,56834.29909,1275.434542,1324.509022,57289.76148,5100.166433,"{""2021-01-29"": {""photo_lnk"": ""https://api.mwater.co/v3/images/a60d424b21ca44969322bcc68a2d9571"", ""source"": ""USAID/KEA KIWASH"", ""status_id"": ""Yes"", ""water_source_clean"": ""Protected Well"", ""water_tech_clean"": ""Public Tapstand""}}",2363.0,448.0,,,0.189589505,1.493333333,300.0,1997,53.2868423,True,402906,False,1,Kenya,Protected spring,"KIOSK, public tap",Yes- functional and in use,Migori,SUNA EAST,Kakrao,Other (please specify),,"No, the water is not treated and safe for drinking",POINT (34.4225998 -1.053719),"(-1.053719°, 34.4225998°)",https://catalog.waterpointdata.org/datafiles/usaid-kiwash-kenya-2021-6372a622.csv,"#status_id, #orig_lnk",1,2022-11-14T20:33:38.000,2022-11-14T20:33:38.000,,USAID_KIWASH_Kenya_2021
287275,USAID/KEA KIWASH,-0.9053833,34.4632717,2021-02-04T00:00:00.000,Yes,Borehole/Tubewell,Well,,,Improved,Kenya,KEN,Migori,Uriri,North Kanyamkago,,2019.0,,,,Community Management,"Functional, not in use",,,,Unacceptable quality,Migori_enumerator-96Q9LQ,,6GFP3FV7+R8R,,,https://api.mwater.co/v3/images/3cac5afef9fb407d817e00a0f071d10c,KE,https://catalog.waterpointdata.org/datasets/usaid-kiwash-kenya-2021-6372a622,42050.60292,17304.49701,41.63648679,42775.8976,7624.097614,"{""2021-02-04"": {""photo_lnk"": ""https://api.mwater.co/v3/images/3cac5afef9fb407d817e00a0f071d10c"", ""source"": ""USAID/KEA KIWASH"", ""status_id"": ""Yes"", ""water_source_clean"": ""Borehole/Tubewell""}}",2191.0,300.0,,,0.136923779,1.0,300.0,1991,53.38771796,True,405642,False,1,Kenya,Borehole,Piped pumping scheme,Yes- functional and in use,Migori,URIRI,North Kanyamkago,Project management committee,,"No, the water is not treated and safe for drinking",POINT (34.4632717 -0.9053833),"(-0.9053833°, 34.4632717°)",https://catalog.waterpointdata.org/datafiles/usaid-kiwash-kenya-2021-6372a622.csv,"#status_id, #orig_lnk",1,2022-11-14T20:33:38.000,2022-11-14T20:33:38.000,,USAID_KIWASH_Kenya_2021
640920,Evidence Action,-1.207893372,34.64967728,2023-11-14T00:00:00.000,Yes,Borehole/Tubewell,Well,,,Improved,Kenya,KEN,Migori,Kuria East,Nyabasi West,,,,,,,Non-Functional,,,,,10320931,,6GCPQJRX+RVV,,,,KE,https://catalog.waterpointdata.org/datasets/evidence-action-kenya-2023-2024-66217272,56643.75641,2893.642513,3469.614158,60976.54994,4012.682027,"{""2023-11-14"": {""source"": ""Evidence Action"", ""status_id"": ""Yes"", ""water_source_clean"": ""Borehole/Tubewell""}}",1327.0,444.0,,,0.334589299,1.48,300.0,978,73.47106706,True,429390,False,1,Kenya,Borehole,,,Migori,Kuria East,Sanchawa,,,,POINT (34.64967727661133 -1.2078933715820312),"(-1.2078933715820312°, 34.64967727661133°)",https://catalog.waterpointdata.org/datafiles/evidence-action-kenya-2023-2024-66217272.xlsx,,1,2024-04-18T19:20:18.000,2024-04-18T19:20:18.000,,Evidence Action_Kenya_2023-2024
652784,Evidence Action,-1.2423491,34.6612442,2023-11-17T00:00:00.000,Yes,Borehole/Tubewell,Well,,,Improved,Kenya,KEN,Migori,Kuria East,Nyabasi East,,,,,,,Non-Functional,,,,,10321233,,6GCPQM56+3F9,,,,KE,https://catalog.waterpointdata.org/datasets/evidence-action-kenya-2023-2024-66217272,59607.27693,5753.546417,2420.683314,64452.80444,7261.828135,"{""2023-11-17"": {""source"": ""Evidence Action"", ""status_id"": ""Yes"", ""water_source_clean"": ""Borehole/Tubewell""}}",1564.0,534.0,,,0.341432225,1.78,300.0,975,73.54057707,True,430204,False,1,Kenya,Borehole,,,Migori,Kuria East,Nyamagenga,,,,POINT (34.6612442 -1.2423491),"(-1.2423491°, 34.6612442°)",https://catalog.waterpointdata.org/datafiles/evidence-action-kenya-2023-2024-66217272.xlsx,,1,2024-04-18T19:20:18.000,2024-04-18T19:20:18.000,,Evidence Action_Kenya_2023-2024
295427,USAID/KEA KIWASH,-0.9025467,34.4682283,2021-02-04T00:00:00.000,Yes,Protected Well,Well,,,Improved,Kenya,KEN,Migori,Uriri,North Kanyamkago,,2018.0,Other (please specify),,,Community Management,"Functional, not in use",,,,Unacceptable quality,Migori_enumerator-96QC44,,6GFP3FW9+W8M,Nyamasi Protected Spring,,https://api.mwater.co/v3/images/cba6c1e60966450daa36d71b7d2e1830,KE,https://catalog.waterpointdata.org/datasets/usaid-kiwash-kenya-2021-6372a622,41425.67011,17850.17946,455.5375266,42147.46901,7092.490961,"{""2014-08-09"": {""source"": ""Evidence Action"", ""status_id"": ""Yes"", ""water_source_clean"": ""Protected Well""}, ""2021-02-04"": {""photo_lnk"": ""https://api.mwater.co/v3/images/cba6c1e60966450daa36d71b7d2e1830"", ""source"": ""USAID/KEA KIWASH"", ""status_id"": ""Yes"", ""water_source_clean"": ""Protected Well""}}",2607.0,333.0,,,0.127733026,1.11,300.0,1991,53.38771796,True,138123,False,2,Kenya,Protected spring,Piped pumping scheme,Yes- functional and in use,Migori,URIRI,North Kanyamkago,Project management committee,,"No, the water is not treated and safe for drinking",POINT (34.4682283 -0.9025467),"(-0.9025467°, 34.4682283°)",https://catalog.waterpointdata.org/datafiles/usaid-kiwash-kenya-2021-6372a622.csv,"#status_id, #orig_lnk",1,2022-11-14T20:33:38.000,2022-11-14T20:33:38.000,,USAID_KIWASH_Kenya_2021
642413,Evidence Action,-0.990901828,34.50419235,2023-11-17T00:00:00.000,Yes,Protected Well,Well,Motorized Pump - Electric,Motorized Pump,Improved,Kenya,KEN,Migori,Uriri,South Kanyamkago,,,,,,,Non-Functional,,,,,10340665,,6GFP2G53+JMP,,,,KE,https://catalog.waterpointdata.org/datasets/evidence-action-kenya-2023-2024-66217272,45507.28104,11803.59272,177.7065365,46093.47636,9357.805073,"{""2023-11-17"": {""source"": ""Evidence Action"", ""status_id"": ""Yes"", ""water_source_clean"": ""Protected Well"", ""water_tech_clean"": ""Motorized Pump - Electric""}}",1913.0,1582.0,,,0.82697334,5.273333333,300.0,975,73.54057707,True,430127,False,1,Kenya,Protected Spring (not powered by solar/electricity),,,Migori,Uriri,Bware,,,,POINT (34.50419235229492 -0.9909018278121948),"(-0.9909018278121948°, 34.50419235229492°)",https://catalog.waterpointdata.org/datafiles/evidence-action-kenya-2023-2024-66217272.xlsx,,1,2024-04-18T19:20:18.000,2024-04-18T19:20:18.000,,Evidence Action_Kenya_2023-2024
286376,USAID/KEA KIWASH,-1.154875,34.446352,2021-02-04T00:00:00.000,Yes,Undefined Well,Well,Public Tapstand,Public Tapstand,Improved,Kenya,KEN,Migori,Kuria West,Tagare,,2010.0,,,,Community Management,"Functional, not in use",,,,Unacceptable quality,Migori_enumerator-96QYVP,,6GCPRCWW+3G5,,,https://api.mwater.co/v3/images/c2c06acffdd1439285d320a230536b23,KE,https://catalog.waterpointdata.org/datasets/usaid-kiwash-kenya-2021-6372a622,63447.56809,5852.026285,1317.468198,64510.83752,10017.75212,"{""2021-02-04"": {""photo_lnk"": ""https://api.mwater.co/v3/images/c2c06acffdd1439285d320a230536b23"", ""source"": ""USAID/KEA KIWASH"", ""status_id"": ""Yes"", ""water_source_clean"": ""Undefined Well"", ""water_tech_clean"": ""Public Tapstand""}}",2493.0,290.0,,,0.116325712,0.966666667,300.0,1991,53.38771796,True,405639,False,1,Kenya,Protected hand dug/ shallow well,"KIOSK, public tap",Yes- functional and in use,Migori,KURIA WEST,Tagare,Project management committee,,"No, the water is not treated and safe for drinking",POINT (34.446352 -1.154875),"(-1.154875°, 34.446352°)",https://catalog.waterpointdata.org/datafiles/usaid-kiwash-kenya-2021-6372a622.csv,"#status_id, #orig_lnk",1,2022-11-14T20:33:38.000,2022-11-14T20:33:38.000,,USAID_KIWASH_Kenya_2021
269538,USAID/KEA KIWASH,-1.2714983,34.5589097,2021-02-04T00:00:00.000,Yes,Protected Well,Well,Public Tapstand,Public Tapstand,Improved,Kenya,KEN,Migori,Kuria East,Gokeharaka/Getambwega,,2008.0,Community Based Organization/ Self-Help Group/ Faith Based Organization /NGO,,,Community Management,"Functional, not in use",,,,Unacceptable quality,Migori_enumerator-96QCMZ,,6GCPPHH5+9JC,Masonga Spring,,https://api.mwater.co/v3/images/4b3f82ab803c454d932645094b388e41,KE,https://catalog.waterpointdata.org/datasets/usaid-kiwash-kenya-2021-6372a622,67424.86484,1067.854267,3295.413202,70518.45891,9515.082683,"{""2014-03-09"": {""source"": ""Evidence Action"", ""status_id"": ""Yes"", ""water_source_clean"": ""Protected Well""}, ""2021-02-04"": {""photo_lnk"": ""https://api.mwater.co/v3/images/4b3f82ab803c454d932645094b388e41"", ""source"": ""USAID/KEA KIWASH"", ""status_id"": ""Yes"", ""water_source_clean"": ""Protected Well"", ""water_tech_clean"": ""Public Tapstand""}}",1437.0,504.0,,,0.350730689,1.68,300.0,1991,53.38771796,True,131045,False,2,Kenya,Protected spring,"KIOSK, public tap",Yes- functional and in use,Migori,KURIA EAST,Gokeharaka/Getambwega,Project management committee,,"No, the water is not treated and safe for drinking",POINT (34.5589097 -1.2714983),"(-1.2714983°, 34.5589097°)",https://catalog.waterpointdata.org/datafiles/usaid-kiwash-kenya-2021-6372a622.csv,"#status_id, #orig_lnk",1,2022-11-14T20:33:38.000,2022-11-14T20:33:38.000,,USAID_KIWASH_Kenya_2021
640706,Evidence Action,-1.295250058,34.64570999,2023-11-23T00:00:00.000,Yes,Protected Well,Well,Motorized Pump - Electric,Motorized Pump,Improved,Kenya,KEN,Migori,Kuria East,Nyabasi East,,,,,,,Non-Functional,,,,,10320630,,6GCPPJ3W+V7W,,,,KE,https://catalog.waterpointdata.org/datasets/evidence-action-kenya-2023-2024-66217272,65675.80183,6067.360797,1933.202229,70523.32467,11560.77539,"{""2023-11-23"": {""source"": ""Evidence Action"", ""status_id"": ""Yes"", ""water_source_clean"": ""Protected Well"", ""water_tech_clean"": ""Motorized Pump - Electric""}}",1306.0,1150.0,,,0.880551302,3.833333333,300.0,969,73.67979443,True,430998,False,1,Kenya,Protected Spring (not powered by solar/electricity),,,Migori,Kuria East,Getongoroma,,,,POINT (34.64570999145508 -1.2952500581741333),"(-1.2952500581741333°, 34.64570999145508°)",https://catalog.waterpointdata.org/datafiles/evidence-action-kenya-2023-2024-66217272.xlsx,,1,2024-04-18T19:20:18.000,2024-04-18T19:20:18.000,,Evidence Action_Kenya_2023-2024
640769,Evidence Action,-1.309386611,34.61186981,2023-11-14T00:00:00.000,Yes,Protected Well,Well,Motorized Pump - Electric,Motorized Pump,Improved,Kenya,KEN,Migori,Kuria East,Nyabasi West,,,,,,,Non-Functional,,,,,10320705,,6GCPMJR6+6PX,,,,KE,https://catalog.waterpointdata.org/datasets/evidence-action-kenya-2023-2024-66217272,68596.78438,2146.671231,107.0678874,72862.06476,12647.25296,"{""2023-11-14"": {""source"": ""Evidence Action"", ""status_id"": ""Yes"", ""water_source_clean"": ""Protected Well"", ""water_tech_clean"": ""Motorized Pump - Electric""}}",2422.0,424.0,,,0.175061932,1.413333333,300.0,978,73.47106706,True,429387,False,1,Kenya,Protected Spring (not powered by solar/electricity),,,Migori,Kuria East,Kegonche,,,,POINT (34.61186981201172 -1.3093866109848022),"(-1.3093866109848022°, 34.61186981201172°)",https://catalog.waterpointdata.org/datafiles/evidence-action-kenya-2023-2024-66217272.xlsx,,1,2024-04-18T19:20:18.000,2024-04-18T19:20:18.000,,Evidence Action_Kenya_2023-2024
103471,USAID/KEA KIWASH,-1.0004175,34.4681685,2021-02-02T00:00:00.000,Yes,Protected Well,Well,,,Improved,Kenya,KEN,Migori,Suna East,Kakrao,,1993.0,Company,,,,"Functional, not in use",,,,Unacceptable quality,Migori_enumerator-96JQXP,,6GCPXFX9+R7M,,,https://api.mwater.co/v3/images/f53e5129a4604be7b164400d03da6942,KE,https://catalog.waterpointdata.org/datasets/usaid-kiwash-kenya-2021-6372a622,49058.57198,8979.231169,716.0605893,49516.69895,7320.18799,"{""2021-02-02"": {""photo_lnk"": ""https://api.mwater.co/v3/images/f53e5129a4604be7b164400d03da6942"", ""source"": ""USAID/KEA KIWASH"", ""status_id"": ""Yes"", ""water_source_clean"": ""Protected Well""}}",1896.0,245.0,,,0.129219409,0.816666667,300.0,1993,53.35407154,True,404044,False,1,Kenya,Protected spring,Piped gravity scheme,Yes- functional and in use,Migori,URIRI,South Kanyamkago,Company staff,,"No, the water is not treated and safe for drinking",POINT (34.4681685 -1.0004175),"(-1.0004175°, 34.4681685°)",https://catalog.waterpointdata.org/datafiles/usaid-kiwash-kenya-2021-6372a622.csv,"#status_id, #orig_lnk",1,2022-11-14T20:33:38.000,2022-11-14T20:33:38.000,,USAID_KIWASH_Kenya_2021
640953,Evidence Action,-1.311144948,34.7052803,2023-11-22T00:00:00.000,Yes,Borehole/Tubewell,Well,,,Improved,Kenya,KEN,Migori,Kuria East,Ntimaru East,,,,,,,Non-Functional,,,,,10320970,,6GCPMPQ4+G4R,,,,KE,https://catalog.waterpointdata.org/datasets/evidence-action-kenya-2023-2024-66217272,64620.90814,7808.483904,879.4413874,71299.71396,16234.33173,"{""2023-11-22"": {""source"": ""Evidence Action"", ""status_id"": ""Yes"", ""water_source_clean"": ""Borehole/Tubewell""}}",2442.0,488.0,,,0.1998362,1.626666667,300.0,970,73.65657325,True,430773,False,1,Kenya,Borehole,,,Migori,Kuria East,Makonge,,,,POINT (34.70528030395508 -1.3111449480056763),"(-1.3111449480056763°, 34.70528030395508°)",https://catalog.waterpointdata.org/datafiles/evidence-action-kenya-2023-2024-66217272.xlsx,,1,2024-04-18T19:20:18.000,2024-04-18T19:20:18.000,,Evidence Action_Kenya_2023-2024
642020,Evidence Action,-0.925795019,34.46557617,2023-08-11T00:00:00.000,Yes,Borehole/Tubewell,Well,,,Improved,Kenya,KEN,Migori,Uriri,Central Kanyamkago,,,,,,,Non-Functional,,,,,10340261,,6GFP3FF8+M6R,Athiko Women Group Borehole,,,KE,https://catalog.waterpointdata.org/datasets/evidence-action-kenya-2023-2024-66217272,43332.77151,15512.46356,2020.025745,43992.31368,7621.112981,"{""2014-08-09"": {""source"": ""Evidence Action"", ""status_id"": ""Yes"", ""water_source_clean"": ""Borehole/Tubewell""}, ""2023-08-11"": {""source"": ""Evidence Action"", ""status_id"": ""Yes"", ""water_source_clean"": ""Borehole/Tubewell""}}",1659.0,449.0,,,0.270644967,1.496666667,300.0,1073,71.3035724,True,138116,False,2,Kenya,Borehole,,,Migori,Uriri,Central Kawere Rateng,,,,POINT (34.465576171875 -0.9257950186729431),"(-0.9257950186729431°, 34.465576171875°)",https://catalog.waterpointdata.org/datafiles/evidence-action-kenya-2023-2024-66217272.xlsx,,1,2024-04-18T19:20:18.000,2024-04-18T19:20:18.000,,Evidence Action_Kenya_2023-2024
640998,Evidence Action,-1.208184958,34.56008911,2023-10-11T00:00:00.000,Yes,Protected Well,Well,Motorized Pump - Electric,Motorized Pump,Improved,Kenya,KEN,Migori,Kuria West,Bukira Centrl/Ikerege,,,,,,,Non-Functional,,,,,10321038,,6GCPQHR6+P2G,,,,KE,https://catalog.waterpointdata.org/datasets/evidence-action-kenya-2023-2024-66217272,61289.97715,6761.849463,1146.69902,63903.16493,6382.981387,"{""2023-10-11"": {""source"": ""Evidence Action"", ""status_id"": ""Yes"", ""water_source_clean"": ""Protected Well"", ""water_tech_clean"": ""Motorized Pump - Electric""}}",1658.0,341.0,,,0.205669481,1.136666667,300.0,1012,72.68786376,True,428490,False,1,Kenya,Protected Spring (not powered by solar/electricity),,,Migori,Kuria East,Gwikonge,,,,POINT (34.560089111328125 -1.2081849575042725),"(-1.2081849575042725°, 34.560089111328125°)",https://catalog.waterpointdata.org/datafiles/evidence-action-kenya-2023-2024-66217272.xlsx,,1,2024-04-18T19:20:18.000,2024-04-18T19:20:18.000,,Evidence Action_Kenya_2023-2024
777150,Evidence Action,-0.875073297,34.49356773,2014-10-03T00:00:00.000,Yes,Protected Well,Well,,,Improved,Kenya,KEN,Migori,Awendo,West Sakwa,,,,,,,Non-Functional,,,,,,,6GFP4FFV+XCG,Koluoch Pro Spring,,,KE,https://catalog.waterpointdata.org/datasets/evidence-action-kenya-wpdx-reingestion-5f74c47f,37318.62139,17515.78203,409.150412,38064.08158,5592.328855,"{""2014-10-03"": {""source"": ""Evidence Action"", ""status_id"": ""Yes"", ""water_source_clean"": ""Protected Well""}}",2234.0,283.0,,,0.126678603,0.943333333,300.0,4307,25.72715281,True,148270,False,1,Kenya,Protected Spring,,,,,,,,,POINT (34.4935677322 -0.8750732967),"(-0.8750732967°, 34.4935677322°)",https://catalog.waterpointdata.org/datafiles/evidence-action-kenya-wpdx-reingestion-5f74c47f.xlsx,,1,2020-09-30T17:46:39.000,2020-09-30T17:46:39.000,,Evidence Action_Kenya_2012-2016
293956,USAID/KEA KIWASH,-0.9565355,34.5103479,2021-02-08T00:00:00.000,Yes,Borehole/Tubewell,Well,,,Improved,Kenya,KEN,Migori,Uriri,South Kanyamkago,,2001.0,Other (please specify),,,,"Functional, not in use",,,,Unacceptable quality,Migori_enumerator-972UBM,,6GFP2GV6+94Q,,,https://api.mwater.co/v3/images/b35f6246c4f945d39f44f2a05cbbfbe1,KE,https://catalog.waterpointdata.org/datasets/usaid-kiwash-kenya-2021-6372a622,42321.88699,15373.52152,165.909508,42768.48987,5872.269734,"{""2021-02-08"": {""photo_lnk"": ""https://api.mwater.co/v3/images/b35f6246c4f945d39f44f2a05cbbfbe1"", ""source"": ""USAID/KEA KIWASH"", ""status_id"": ""Yes"", ""water_source_clean"": ""Borehole/Tubewell""}}",3412.0,878.0,,,0.257327081,2.926666667,300.0,1987,53.45507446,True,406945,False,1,Kenya,Borehole,Piped pumping scheme,Yes- functional and in use,Migori,URIRI,South Kanyamkago,WSP,,"No, the water is not treated and safe for drinking",POINT (34.5103479 -0.9565355),"(-0.9565355°, 34.5103479°)",https://catalog.waterpointdata.org/datafiles/usaid-kiwash-kenya-2021-6372a622.csv,"#status_id, #orig_lnk",1,2022-11-14T20:33:38.000,2022-11-14T20:33:38.000,,USAID_KIWASH_Kenya_2021
103550,USAID/KEA KIWASH,-1.196185,34.557435,2021-02-03T00:00:00.000,Yes,Undefined Well,Well,Public Tapstand,Public Tapstand,Improved,Kenya,KEN,Migori,Kuria West,Bukira Centrl/Ikerege,,2018.0,Community Based Organization/ Self-Help Group/ Faith Based Organization /NGO,,,Other,"Functional, needs repair",,,,Unacceptable quality,Migori_enumerator-96MD4S,,6GCPRH34+GXF,,,https://api.mwater.co/v3/images/2da8b54d2e8a49388dd70ed09c5544c3,KE,https://catalog.waterpointdata.org/datasets/usaid-kiwash-kenya-2021-6372a622,60319.23691,6194.834421,24.15346326,62777.57958,6512.935803,"{""2021-02-03"": {""photo_lnk"": ""https://api.mwater.co/v3/images/2da8b54d2e8a49388dd70ed09c5544c3"", ""source"": ""USAID/KEA KIWASH"", ""status_id"": ""Yes"", ""water_source_clean"": ""Undefined Well"", ""water_tech_clean"": ""Public Tapstand""}}",2352.0,383.0,,,0.162840136,1.276666667,300.0,1992,53.3708921,True,404875,False,1,Kenya,Protected hand dug/ shallow well,"KIOSK, public tap",Partially- functional but needs repairs,Migori,KURIA WEST,Ikerege,Other (please specify),,"No, the water is not treated and safe for drinking",POINT (34.557435 -1.196185),"(-1.196185°, 34.557435°)",https://catalog.waterpointdata.org/datafiles/usaid-kiwash-kenya-2021-6372a622.csv,"#status_id, #orig_lnk",1,2022-11-14T20:33:38.000,2022-11-14T20:33:38.000,,USAID_KIWASH_Kenya_2021
782150,Evidence Action,-0.884160598,34.50366298,2014-03-26T00:00:00.000,Yes,Protected Well,Well,,,Improved,Kenya,KEN,Migori,Awendo,West Sakwa,,,,,,,Non-Functional,,,,,,,6GFP4G83+8FM,Kowino Spring,,,KE,https://catalog.waterpointdata.org/datasets/evidence-action-kenya-wpdx-reingestion-5f74c47f,37105.29867,17524.68839,86.6873337,37792.1372,4085.375867,"{""2014-03-26"": {""source"": ""Evidence Action"", ""status_id"": ""Yes"", ""water_source_clean"": ""Protected Well""}}",2316.0,322.0,,,0.139032815,1.073333333,300.0,4498,24.22393621,True,131707,False,1,Kenya,Protected Spring,,,,,,,,,POINT (34.5036629804 -0.8841605978),"(-0.8841605978°, 34.5036629804°)",https://catalog.waterpointdata.org/datafiles/evidence-action-kenya-wpdx-reingestion-5f74c47f.xlsx,,1,2020-09-30T17:46:39.000,2020-09-30T17:46:39.000,,Evidence Action_Kenya_2012-2016
103516,USAID/KEA KIWASH,-1.1299248,34.3286163,2021-02-02T00:00:00.000,Yes,Undefined Well,Well,Public Tapstand,Public Tapstand,Improved,Kenya,KEN,Migori,Suna West,Wasimbete,,1985.0,,,,Community Management,"Functional, needs repair",,,,Unacceptable quality,Migori_enumerator-96L8Y2,,6GCPV8CH+2CQ,,,https://api.mwater.co/v3/images/0b0e107d99a34c9ba90a3beabd39bd5a,KE,https://catalog.waterpointdata.org/datasets/usaid-kiwash-kenya-2021-6372a622,68972.65948,1018.240183,226.261854,70587.44551,16878.45059,"{""2021-02-02"": {""photo_lnk"": ""https://api.mwater.co/v3/images/0b0e107d99a34c9ba90a3beabd39bd5a"", ""source"": ""USAID/KEA KIWASH"", ""status_id"": ""Yes"", ""water_source_clean"": ""Undefined Well"", ""water_tech_clean"": ""Public Tapstand""}}",2111.0,2111.0,,,1.0,7.036666667,300.0,1993,53.35407154,True,404070,False,1,Kenya,Protected hand dug/ shallow well,"KIOSK, public tap",Partially- functional but needs repairs,Migori,SUNA WEST,Wasimbete,Project management committee,,"No, the water is not treated and safe for drinking",POINT (34.3286163 -1.1299248),"(-1.1299248°, 34.3286163°)",https://catalog.waterpointdata.org/datafiles/usaid-kiwash-kenya-2021-6372a622.csv,"#status_id, #orig_lnk",1,2022-11-14T20:33:38.000,2022-11-14T20:33:38.000,,USAID_KIWASH_Kenya_2021
287110,USAID/KEA KIWASH,-1.0199022,34.528951,2021-02-05T00:00:00.000,Yes,Undefined Well,Well,Public Tapstand,Public Tapstand,Improved,Kenya,KEN,Migori,Uriri,South Kanyamkago,,1990.0,Community Based Organization/ Self-Help Group/ Faith Based Organization /NGO,,,Community Management,"Functional, needs repair",,,,Unacceptable quality,Migori_enumerator-96SGU7,,6GCPXGJH+2HP,,,https://api.mwater.co/v3/images/a8b554e70fff4d3cb5070df117bf7b39,KE,https://catalog.waterpointdata.org/datasets/usaid-kiwash-kenya-2021-6372a622,46038.93795,10435.31981,651.937773,46997.31874,8650.011487,"{""2021-02-05"": {""photo_lnk"": ""https://api.mwater.co/v3/images/a8b554e70fff4d3cb5070df117bf7b39"", ""source"": ""USAID/KEA KIWASH"", ""status_id"": ""Yes"", ""water_source_clean"": ""Undefined Well"", ""water_tech_clean"": ""Public Tapstand""}}",1583.0,870.0,,,0.549589387,2.9,300.0,1990,53.40454912,True,406363,False,1,Kenya,Protected hand dug/ shallow well,"KIOSK, public tap",Partially- functional but needs repairs,Migori,URIRI,South Kanyamkago,Project management committee,,"No, the water is not treated and safe for drinking",POINT (34.528951 -1.0199022),"(-1.0199022°, 34.528951°)",https://catalog.waterpointdata.org/datafiles/usaid-kiwash-kenya-2021-6372a622.csv,"#status_id, #orig_lnk",1,2022-11-14T20:33:38.000,2022-11-14T20:33:38.000,,USAID_KIWASH_Kenya_2021
776936,Evidence Action,-1.09400032,34.44936949,2014-10-03T00:00:00.000,Yes,Borehole/Tubewell,Well,,,Improved,Kenya,KEN,Migori,Suna West,Wasweta Ii,,,,,,,Non-Functional,,,,,,,6GCPWC4X+9PX,Kagie Borehole,,,KE,https://catalog.waterpointdata.org/datasets/evidence-action-kenya-wpdx-reingestion-5f74c47f,58017.93837,149.6719631,2654.922924,58825.10591,3585.714988,"{""2014-10-03"": {""source"": ""Evidence Action"", ""status_id"": ""Yes"", ""water_source_clean"": ""Borehole/Tubewell""}}",4457.0,819.0,,,0.18375589,2.73,300.0,4307,25.72715281,True,148265,False,1,Kenya,Borehole,,,,,,,,,POINT (34.4493694884 -1.0940003197),"(-1.0940003197°, 34.4493694884°)",https://catalog.waterpointdata.org/datafiles/evidence-action-kenya-wpdx-reingestion-5f74c47f.xlsx,,1,2020-09-30T17:46:39.000,2020-09-30T17:46:39.000,,Evidence Action_Kenya_2012-2016
103379,USAID/KEA KIWASH,-1.1318117,34.4923133,2021-02-01T00:00:00.000,Yes,Borehole/Tubewell,Well,,,Improved,Kenya,KEN,Migori,Kuria West,Masaba,,2017.0,,,,Other,"Functional, needs repair",,,,Unacceptable quality,Migori_enumerator-96G95U,,6GCPVF9R+7WG,,,https://api.mwater.co/v3/images/423550eeb5a14fe78a1c9f5d74b602b7,KE,https://catalog.waterpointdata.org/datasets/usaid-kiwash-kenya-2021-6372a622,58370.55823,1181.926206,192.9427069,59619.30353,7757.924964,"{""2021-02-01"": {""photo_lnk"": ""https://api.mwater.co/v3/images/423550eeb5a14fe78a1c9f5d74b602b7"", ""source"": ""USAID/KEA KIWASH"", ""status_id"": ""Yes"", ""water_source_clean"": ""Borehole/Tubewell""}}",1116.0,255.0,,,0.228494624,0.85,300.0,1994,53.33725628,True,403445,False,1,Kenya,Borehole,Piped pumping scheme,Partially- functional but needs repairs,Migori,KURIA WEST,Masaba,Other (please specify),,"No, the water is not treated and safe for drinking",POINT (34.4923133 -1.1318117),"(-1.1318117°, 34.4923133°)",https://catalog.waterpointdata.org/datafiles/usaid-kiwash-kenya-2021-6372a622.csv,"#status_id, #orig_lnk",1,2022-11-14T20:33:38.000,2022-11-14T20:33:38.000,,USAID_KIWASH_Kenya_2021
641981,Evidence Action,-1.175160907,34.5530994,2023-10-11T00:00:00.000,Yes,Protected Well,Well,Motorized Pump - Electric,Motorized Pump,Improved,Kenya,KEN,Migori,Kuria West,Bukira Centrl/Ikerege,,,,,,,Non-Functional,,,,,10340192,,6GCPRHF3+W6Q,,,,KE,https://catalog.waterpointdata.org/datasets/evidence-action-kenya-2023-2024-66217272,58636.19905,4224.302328,2263.15947,60814.82872,7333.047914,"{""2023-10-11"": {""source"": ""Evidence Action"", ""status_id"": ""Yes"", ""water_source_clean"": ""Protected Well"", ""water_tech_clean"": ""Motorized Pump - Electric""}}",1493.0,286.0,,,0.191560616,0.953333333,300.0,1012,72.68786376,True,428503,False,1,Kenya,Protected Spring (not powered by solar/electricity),,,Migori,Kuria West,Ikerege,,,,POINT (34.5530993961 -1.1751609065),"(-1.1751609065°, 34.5530993961°)",https://catalog.waterpointdata.org/datafiles/evidence-action-kenya-2023-2024-66217272.xlsx,,1,2024-04-18T19:20:18.000,2024-04-18T19:20:18.000,,Evidence Action_Kenya_2023-2024
103309,USAID/KEA KIWASH,-1.1410177,34.4194223,2021-01-29T00:00:00.000,Yes,Borehole/Tubewell,Well,,,Improved,Kenya,KEN,Migori,Kuria West,Nyamosense/Komosoko,,2019.0,Community Based Organization/ Self-Help Group/ Faith Based Organization /NGO,,,Community Management,"Functional, not in use",,,,Unacceptable quality,Migori_enumerator-9689YM,,6GCPVC59+HQV,,,https://api.mwater.co/v3/images/dd31edd7696d46d4bc73754a6700aad7,KE,https://catalog.waterpointdata.org/datasets/usaid-kiwash-kenya-2021-6372a622,64133.26128,5041.52341,2481.7848,64984.43253,9761.298838,"{""2021-01-29"": {""photo_lnk"": ""https://api.mwater.co/v3/images/dd31edd7696d46d4bc73754a6700aad7"", ""source"": ""USAID/KEA KIWASH"", ""status_id"": ""Yes"", ""water_source_clean"": ""Borehole/Tubewell""}}",741.0,532.0,,,0.717948718,1.773333333,300.0,1997,53.2868423,True,402887,False,1,Kenya,Borehole,Piped pumping scheme,Yes- functional and in use,Migori,KURIA WEST,Nyamosense/Komosoko,Project management committee,,"No, the water is not treated and safe for drinking",POINT (34.4194223 -1.1410177),"(-1.1410177°, 34.4194223°)",https://catalog.waterpointdata.org/datafiles/usaid-kiwash-kenya-2021-6372a622.csv,"#status_id, #orig_lnk",1,2022-11-14T20:33:38.000,2022-11-14T20:33:38.000,,USAID_KIWASH_Kenya_2021
103514,USAID/KEA KIWASH,-0.9828174,34.2696001,2021-02-02T00:00:00.000,Yes,Borehole/Tubewell,Well,Public Tapstand,Public Tapstand,Improved,Kenya,KEN,Migori,Nyatike,Macalder/Kanyarwanda,,2019.0,,,,Community Management,"Functional, needs repair",,,,Unacceptable quality,Migori_enumerator-96LGLQ,,6GFP2789+VRH,,,https://api.mwater.co/v3/images/11a9d59079804d4bb3169e77493cdca2,KE,https://catalog.waterpointdata.org/datasets/usaid-kiwash-kenya-2021-6372a622,64516.97191,2434.90681,898.9892845,65391.73554,23803.29656,"{""2021-02-02"": {""photo_lnk"": ""https://api.mwater.co/v3/images/11a9d59079804d4bb3169e77493cdca2"", ""source"": ""USAID/KEA KIWASH"", ""status_id"": ""Yes"", ""water_source_clean"": ""Borehole/Tubewell"", ""water_tech_clean"": ""Public Tapstand""}}",1419.0,1329.0,,,0.936575053,4.43,300.0,1993,53.35407154,True,404068,False,1,Kenya,Borehole,"KIOSK, public tap",Partially- functional but needs repairs,Migori,NYATIKE,Macalder/Kanyarwanda,Project management committee,,"No, the water is not treated and safe for drinking",POINT (34.2696001 -0.9828174),"(-0.9828174°, 34.2696001°)",https://catalog.waterpointdata.org/datafiles/usaid-kiwash-kenya-2021-6372a622.csv,"#status_id, #orig_lnk",1,2022-11-14T20:33:38.000,2022-11-14T20:33:38.000,,USAID_KIWASH_Kenya_2021
799753,Evidence Action,-0.97159634,34.53786386,2014-02-09T00:00:00.000,Yes,Borehole/Tubewell,Well,,,Improved,Kenya,KEN,Migori,Uriri,South Kanyamkago,,,,,,,Non-Functional,,,,,,,6GFP2GHQ+949,Wajino Borehole,,,KE,https://catalog.waterpointdata.org/datasets/evidence-action-kenya-wpdx-reingestion-5f74c47f,41369.78341,15828.50922,11.37033336,42089.24555,7067.379168,"{""2014-02-09"": {""source"": ""Evidence Action"", ""status_id"": ""Yes"", ""water_source_clean"": ""Borehole/Tubewell""}}",1854.0,622.0,,,0.335490831,2.073333333,300.0,4543,23.88275499,True,128881,False,1,Kenya,Borehole,,,,,,,,,POINT (34.5378638609 -0.97159634),"(-0.97159634°, 34.5378638609°)",https://catalog.waterpointdata.org/datafiles/evidence-action-kenya-wpdx-reingestion-5f74c47f.xlsx,,1,2020-09-30T17:46:39.000,2020-09-30T17:46:39.000,,Evidence Action_Kenya_2012-2016
287395,USAID/KEA KIWASH,-1.113832,34.6211135,2021-02-05T00:00:00.000,Yes,Undefined Well,Well,Public Tapstand,Public Tapstand,Improved,Kenya,KEN,Migori,Suna East,Kwa,,1987.0,,,,Private Operator/Delegated Management,"Functional, not in use",,,,Unacceptable quality,Migori_enumerator-96SKFY,,6GCPVJPC+FC9,,,https://api.mwater.co/v3/images/78e7ee48dd66459ea3bbd47f3b53f4a1,KE,https://catalog.waterpointdata.org/datasets/usaid-kiwash-kenya-2021-6372a622,48847.19161,4775.763847,26.04513735,51782.72141,9002.6881,"{""2021-02-05"": {""photo_lnk"": ""https://api.mwater.co/v3/images/78e7ee48dd66459ea3bbd47f3b53f4a1"", ""source"": ""USAID/KEA KIWASH"", ""status_id"": ""Yes"", ""water_source_clean"": ""Undefined Well"", ""water_tech_clean"": ""Public Tapstand""}}",2906.0,396.0,,,0.136269787,1.32,300.0,1990,53.40454912,True,406365,False,1,Kenya,Protected hand dug/ shallow well,"KIOSK, public tap",Yes- functional and in use,Migori,SUNA EAST,Kwa,Private operator/ professional manager,,"No, the water is not treated and safe for drinking",POINT (34.6211135 -1.113832),"(-1.113832°, 34.6211135°)",https://catalog.waterpointdata.org/datafiles/usaid-kiwash-kenya-2021-6372a622.csv,"#status_id, #orig_lnk",1,2022-11-14T20:33:38.000,2022-11-14T20:33:38.000,,USAID_KIWASH_Kenya_2021
642263,Evidence Action,-1.106378317,34.58795166,2024-01-17T00:00:00.000,Yes,Protected Well,Well,Motorized Pump - Electric,Motorized Pump,Improved,Kenya,KEN,Migori,Kuria West,Masaba,,,,,,,Non-Functional,,,,,10340502,,6GCPVHVQ+C5W,,,,KE,https://catalog.waterpointdata.org/datasets/evidence-action-kenya-2023-2024-66217272,50171.19268,3873.177643,84.71361613,52299.89139,10291.37375,"{""2024-01-17"": {""source"": ""Evidence Action"", ""status_id"": ""Yes"", ""water_source_clean"": ""Protected Well"", ""water_tech_clean"": ""Motorized Pump - Electric""}}",1075.0,248.0,,,0.230697674,0.826666667,300.0,914,74.96829775,True,433153,False,1,Kenya,Protected Spring (not powered by solar/electricity),,,Migori,Kuria West,Sagegi,,,,POINT (34.58795166015625 -1.1063783168792725),"(-1.1063783168792725°, 34.58795166015625°)",https://catalog.waterpointdata.org/datafiles/evidence-action-kenya-2023-2024-66217272.xlsx,,1,2024-04-18T19:20:18.000,2024-04-18T19:20:18.000,,Evidence Action_Kenya_2023-2024
103220,USAID/KEA KIWASH,-0.9079836,34.5297327,2021-01-27T00:00:00.000,No,Piped Water,Piped Water,Public Tapstand,Public Tapstand,Improved,Kenya,KEN,Migori,Awendo,South Sakwa,,2012.0,Community Based Organization/ Self-Help Group/ Faith Based Organization /NGO,,,Community Management,Non-Functional,,,,Unacceptable quality,Migori_enumerator-963QUQ,,6GFP3GRH+RV5,,,https://api.mwater.co/v3/images/55f728435a88402d8bfa83736e736991,KE,https://catalog.waterpointdata.org/datasets/usaid-kiwash-kenya-2021-6372a622,36864.06134,18169.33514,304.9913394,37390.82631,221.1977915,"{""2021-01-27"": {""photo_lnk"": ""https://api.mwater.co/v3/images/55f728435a88402d8bfa83736e736991"", ""source"": ""USAID/KEA KIWASH"", ""status_id"": ""No"", ""water_source_clean"": ""Piped Water"", ""water_tech_clean"": ""Public Tapstand""}}",,,,0.0,,,250.0,1999,53.25325946,True,402019,False,1,Kenya,Piped/ bulk supply water from WSP,"KIOSK, public tap",No- broken down,Migori,AWENDO,Central Sakwa,Water user association staff,,"No, the water is not treated and safe for drinking",POINT (34.5297327 -0.9079836),"(-0.9079836°, 34.5297327°)",https://catalog.waterpointdata.org/datafiles/usaid-kiwash-kenya-2021-6372a622.csv,"#status_id, #orig_lnk",1,2022-11-14T20:33:38.000,2022-11-14T20:33:38.000,,USAID_KIWASH_Kenya_2021
101222,USAID/KEA KIWASH,-1.162895,34.449135,2021-01-27T00:00:00.000,Yes,Borehole/Tubewell,Well,,,Improved,Kenya,KEN,Migori,Kuria West,Tagare,,2019.0,Community Based Organization/ Self-Help Group/ Faith Based Organization /NGO,,,Private Operator/Delegated Management,"Functional, not in use",,,,Acceptable quality,Migori_enumerator-962ZNF,,6GCPRCPX+QMJ,Johnes Rioba Borehole,,https://api.mwater.co/v3/images/bd31dcb8654441c887e2707bee7574c8,KE,https://catalog.waterpointdata.org/datasets/usaid-kiwash-kenya-2021-6372a622,63969.25272,6366.724075,618.695047,65081.26254,9192.99361,"{""2014-08-29"": {""source"": ""Evidence Action"", ""status_id"": ""Yes"", ""water_source_clean"": ""Borehole/Tubewell""}, ""2021-01-27"": {""photo_lnk"": ""https://api.mwater.co/v3/images/bd31dcb8654441c887e2707bee7574c8"", ""source"": ""USAID/KEA KIWASH"", ""status_id"": ""Yes"", ""water_source_clean"": ""Borehole/Tubewell""}}",3765.0,584.0,,,0.155112882,1.946666667,300.0,1999,53.25325946,True,140262,False,2,Kenya,Borehole,Piped pumping scheme,Yes- functional and in use,Migori,KURIA WEST,Tagare,Private operator/ professional manager,,"Yes, the water is treated and safe for drinking",POINT (34.449135 -1.162895),"(-1.162895°, 34.449135°)",https://catalog.waterpointdata.org/datafiles/usaid-kiwash-kenya-2021-6372a622.csv,"#status_id, #orig_lnk",1,2022-11-14T20:33:38.000,2022-11-14T20:33:38.000,,USAID_KIWASH_Kenya_2021
799150,Evidence Action,-1.238178268,34.62105714,2014-08-27T00:00:00.000,Yes,Borehole/Tubewell,Well,,,Improved,Kenya,KEN,Migori,Kuria East,Nyabasi West,,,,,,,Non-Functional,,,,,,,6GCPQJ6C+PCF,Kefred,,,KE,https://catalog.waterpointdata.org/datasets/evidence-action-kenya-wpdx-reingestion-5f74c47f,61024.47417,7483.802585,2098.734187,64977.28508,4799.128743,"{""2014-08-27"": {""source"": ""Evidence Action"", ""status_id"": ""Yes"", ""water_source_clean"": ""Borehole/Tubewell""}}",1770.0,765.0,,,0.43220339,2.55,300.0,4344,25.42884286,True,139753,False,1,Kenya,Borehole,,,,,,,,,POINT (34.6210571384 -1.2381782679),"(-1.2381782679°, 34.6210571384°)",https://catalog.waterpointdata.org/datafiles/evidence-action-kenya-wpdx-reingestion-5f74c47f.xlsx,,1,2020-09-30T17:46:39.000,2020-09-30T17:46:39.000,,Evidence Action_Kenya_2012-2016
103349,USAID/KEA KIWASH,-0.8871678,34.4956972,2021-01-29T00:00:00.000,Yes,Protected Well,Well,Public Tapstand,Public Tapstand,Improved,Kenya,KEN,Migori,Awendo,West Sakwa,,2020.0,,,,Other,"Functional, not in use",,,,Acceptable quality,Migori_enumerator-968VCZ,,6GFP4F7W+47P,,,https://api.mwater.co/v3/images/bb74e6c9327f484f808bc72764f7163f,KE,https://catalog.waterpointdata.org/datasets/usaid-kiwash-kenya-2021-6372a622,37992.85072,18347.42291,901.4870094,38691.99052,4623.104033,"{""2021-01-29"": {""photo_lnk"": ""https://api.mwater.co/v3/images/bb74e6c9327f484f808bc72764f7163f"", ""source"": ""USAID/KEA KIWASH"", ""status_id"": ""Yes"", ""water_source_clean"": ""Protected Well"", ""water_tech_clean"": ""Public Tapstand""}}",1747.0,177.0,,,0.101316543,0.59,300.0,1997,53.2868423,True,402911,False,1,Kenya,Protected spring,"KIOSK, public tap",Yes- functional and in use,Migori,AWENDO,West Sakwa,Other (please specify),,"Yes, the water is treated and safe for drinking",POINT (34.4956972 -0.8871678),"(-0.8871678°, 34.4956972°)",https://catalog.waterpointdata.org/datafiles/usaid-kiwash-kenya-2021-6372a622.csv,"#status_id, #orig_lnk",1,2022-11-14T20:33:38.000,2022-11-14T20:33:38.000,,USAID_KIWASH_Kenya_2021
640682,Evidence Action,-1.278136611,34.54572678,2023-12-18T00:00:00.000,Yes,Protected Well,Well,Motorized Pump - Electric,Motorized Pump,Improved,Kenya,KEN,Migori,Kuria East,Gokeharaka/Getambwega,,,,,,,Non-Functional,,,,,10320597,,6GCPPGCW+Q78,,,,KE,https://catalog.waterpointdata.org/datasets/evidence-action-kenya-2023-2024-66217272,68775.23308,426.6866045,2607.935482,71704.32947,8500.909133,"{""2023-06-12"": {""source"": ""Evidence Action"", ""status_id"": ""Yes"", ""water_source_clean"": ""Protected Well"", ""water_tech_clean"": ""Motorized Pump - Electric""}, ""2023-12-18"": {""source"": ""Evidence Action"", ""status_id"": ""Yes"", ""water_source_clean"": ""Protected Well"", ""water_tech_clean"": ""Motorized Pump - Electric""}}",1285.0,274.0,,,0.213229572,0.913333333,300.0,944,74.26270928,True,426563,False,2,Kenya,Protected Spring (not powered by solar/electricity),,,Migori,Kuria West,Nyamaranya,,,,POINT (34.54572677612305 -1.2781366109848022),"(-1.2781366109848022°, 34.54572677612305°)",https://catalog.waterpointdata.org/datafiles/evidence-action-kenya-2023-2024-66217272.xlsx,,1,2024-04-18T19:20:18.000,2024-04-18T19:20:18.000,,Evidence Action_Kenya_2023-2024
642542,Evidence Action,-0.988801658,34.45178986,2023-04-12T00:00:00.000,Yes,Protected Well,Well,Motorized Pump - Electric,Motorized Pump,Improved,Kenya,KEN,Migori,Uriri,West Kanyamkago,,,,,,,Non-Functional,,,,,10340803,,6GFP2F62+FPF,,,,KE,https://catalog.waterpointdata.org/datasets/evidence-action-kenya-2023-2024-66217272,49316.11018,8914.151089,11.25001982,49844.39599,8759.030082,"{""2023-04-12"": {""source"": ""Evidence Action"", ""status_id"": ""Yes"", ""water_source_clean"": ""Protected Well"", ""water_tech_clean"": ""Motorized Pump - Electric""}}",1013.0,697.0,,,0.688055281,2.323333333,300.0,1194,68.63520761,True,425447,False,1,Kenya,Protected Spring (not powered by solar/electricity),,,Migori,Uriri,Kajulu 1,,,,POINT (34.45178985595703 -0.9888016581535339),"(-0.9888016581535339°, 34.45178985595703°)",https://catalog.waterpointdata.org/datafiles/evidence-action-kenya-2023-2024-66217272.xlsx,,1,2024-04-18T19:20:18.000,2024-04-18T19:20:18.000,,Evidence Action_Kenya_2023-2024
98379,USAID/KEA KIWASH,-0.9707905,34.5675654,2021-02-03T00:00:00.000,Yes,Protected Well,Well,Public Tapstand,Public Tapstand,Improved,Kenya,KEN,Migori,Awendo,South Sakwa,,2014.0,,,,Other,"Functional, needs repair",,,,Acceptable quality,Migori_enumerator-96MKV3,,6GFP2HH9+M2P,,,https://api.mwater.co/v3/images/6f6d20ac65074e21bdc9de962a7c4399,KE,https://catalog.waterpointdata.org/datasets/usaid-kiwash-kenya-2021-6372a622,39114.99184,16816.5545,524.7329696,40090.67445,8009.542128,"{""2021-02-03"": {""photo_lnk"": ""https://api.mwater.co/v3/images/6f6d20ac65074e21bdc9de962a7c4399"", ""source"": ""USAID/KEA KIWASH"", ""status_id"": ""Yes"", ""water_source_clean"": ""Protected Well"", ""water_tech_clean"": ""Public Tapstand""}}",1269.0,374.0,,,0.294720252,1.246666667,300.0,1992,53.3708921,True,404596,False,1,Kenya,Protected spring,"KIOSK, public tap",Partially- functional but needs repairs,Migori,AWENDO,South Sakwa,Other (please specify),,"Yes, the water is treated and safe for drinking",POINT (34.5675654 -0.9707905),"(-0.9707905°, 34.5675654°)",https://catalog.waterpointdata.org/datafiles/usaid-kiwash-kenya-2021-6372a622.csv,"#status_id, #orig_lnk",1,2022-11-14T20:33:38.000,2022-11-14T20:33:38.000,,USAID_KIWASH_Kenya_2021
103433,USAID/KEA KIWASH,-1.2188517,34.65635,2021-01-28T00:00:00.000,Yes,Borehole/Tubewell,Well,,,Improved,Kenya,KEN,Migori,Kuria East,Nyabasi East,,2016.0,Community Based Organization/ Self-Help Group/ Faith Based Organization /NGO,,,Community Management,"Functional, not in use",,,,Acceptable quality,Migori_enumerator-965FSL,,6GCPQMJ4+FG5,,,https://api.mwater.co/v3/images/8aa603104e324ea4a93795a2fb19b98e,KE,https://catalog.waterpointdata.org/datasets/usaid-kiwash-kenya-2021-6372a622,57436.05339,3598.803655,4698.749173,62007.47034,5208.687166,"{""2021-01-28"": {""photo_lnk"": ""https://api.mwater.co/v3/images/8aa603104e324ea4a93795a2fb19b98e"", ""source"": ""USAID/KEA KIWASH"", ""status_id"": ""Yes"", ""water_source_clean"": ""Borehole/Tubewell""}}",2037.0,1834.0,,,0.900343643,6.113333333,300.0,1998,53.27004823,True,402404,False,1,Kenya,Borehole,Piped pumping scheme,Yes- functional and in use,Migori,KURIA EAST,Nyabasi West,Project management committee,,"Yes, the water is treated and safe for drinking",POINT (34.65635 -1.2188517),"(-1.2188517°, 34.65635°)",https://catalog.waterpointdata.org/datafiles/usaid-kiwash-kenya-2021-6372a622.csv,"#status_id, #orig_lnk",1,2022-11-14T20:33:38.000,2022-11-14T20:33:38.000,,USAID_KIWASH_Kenya_2021
103361,USAID/KEA KIWASH,-1.1237541,34.5060184,2021-02-01T00:00:00.000,Yes,Undefined Well,Well,Public Tapstand,Public Tapstand,Improved,Kenya,KEN,Migori,Kuria West,Masaba,,1991.0,Community Based Organization/ Self-Help Group/ Faith Based Organization /NGO,,,Private Operator/Delegated Management,"Functional, not in use",,,,Acceptable quality,Migori_enumerator-96G2YX,,6GCPVGG4+F9G,Kemasiaga Borehole,,https://api.mwater.co/v3/images/0fd5deaf04fc493eb412f437b0c41d01,KE,https://catalog.waterpointdata.org/datasets/usaid-kiwash-kenya-2021-6372a622,56774.58942,953.7919106,1361.962343,58085.45561,7693.607976,"{""2014-11-09"": {""source"": ""Evidence Action"", ""status_id"": ""Yes"", ""water_source_clean"": ""Borehole/Tubewell""}, ""2021-02-01"": {""photo_lnk"": ""https://api.mwater.co/v3/images/0fd5deaf04fc493eb412f437b0c41d01"", ""source"": ""USAID/KEA KIWASH"", ""status_id"": ""Yes"", ""water_source_clean"": ""Undefined Well"", ""water_tech_clean"": ""Public Tapstand""}}",605.0,374.0,,,0.618181818,1.246666667,300.0,1994,53.33725628,True,156755,False,2,Kenya,Protected hand dug/ shallow well,"KIOSK, public tap",Yes- functional and in use,Migori,KURIA WEST,Masaba,Private operator/ professional manager,,"Yes, the water is treated and safe for drinking",POINT (34.5060184 -1.1237541),"(-1.1237541°, 34.5060184°)",https://catalog.waterpointdata.org/datafiles/usaid-kiwash-kenya-2021-6372a622.csv,"#status_id, #orig_lnk",1,2022-11-14T20:33:38.000,2022-11-14T20:33:38.000,,USAID_KIWASH_Kenya_2021
652805,Evidence Action,-1.2128183,34.5270033,2023-11-28T00:00:00.000,Yes,Protected Well,Well,Motorized Pump - Electric,Motorized Pump,Improved,Kenya,KEN,Migori,Kuria West,Bukira Centrl/Ikerege,,,,,,,Non-Functional,,,,,10321380,,6GCPQGPG+VRC,,,,KE,https://catalog.waterpointdata.org/datasets/evidence-action-kenya-2023-2024-66217272,63712.41406,4694.61862,884.0816606,65793.30859,6125.922207,"{""2023-11-28"": {""source"": ""Evidence Action"", ""status_id"": ""Yes"", ""water_source_clean"": ""Protected Well"", ""water_tech_clean"": ""Motorized Pump - Electric""}}",1205.0,418.0,,,0.346887967,1.393333333,300.0,964,73.79601021,True,431708,False,1,Kenya,Protected Spring (not powered by solar/electricity),,,Migori,Kuria West,Kiomakebe,,,,POINT (34.5270033 -1.2128183),"(-1.2128183°, 34.5270033°)",https://catalog.waterpointdata.org/datafiles/evidence-action-kenya-2023-2024-66217272.xlsx,,1,2024-04-18T19:20:18.000,2024-04-18T19:20:18.000,,Evidence Action_Kenya_2023-2024
296656,USAID/KEA KIWASH,-1.2581422,34.5575851,2021-02-04T00:00:00.000,Yes,Protected Well,Well,Public Tapstand,Public Tapstand,Improved,Kenya,KEN,Migori,Kuria East,Gokeharaka/Getambwega,,2008.0,Community Based Organization/ Self-Help Group/ Faith Based Organization /NGO,,,Community Management,"Functional, not in use",,,,Unacceptable quality,Migori_enumerator-96QAPB,,6GCPPHR5+P2W,,,https://api.mwater.co/v3/images/f7e1df0847f444eaa29720d7aceba56a,KE,https://catalog.waterpointdata.org/datasets/usaid-kiwash-kenya-2021-6372a622,66201.46088,2082.613382,4730.642946,69175.63921,8941.07052,"{""2021-02-04"": {""photo_lnk"": ""https://api.mwater.co/v3/images/f7e1df0847f444eaa29720d7aceba56a"", ""source"": ""USAID/KEA KIWASH"", ""status_id"": ""Yes"", ""water_source_clean"": ""Protected Well"", ""water_tech_clean"": ""Public Tapstand""}}",1930.0,944.0,,,0.489119171,3.146666667,300.0,1991,53.38771796,True,405663,False,1,Kenya,Protected spring,"KIOSK, public tap",Yes- functional and in use,Migori,KURIA EAST,Gokeharaka/Getambwega,Project management committee,,"No, the water is not treated and safe for drinking",POINT (34.5575851 -1.2581422),"(-1.2581422°, 34.5575851°)",https://catalog.waterpointdata.org/datafiles/usaid-kiwash-kenya-2021-6372a622.csv,"#status_id, #orig_lnk",1,2022-11-14T20:33:38.000,2022-11-14T20:33:38.000,,USAID_KIWASH_Kenya_2021
103461,USAID/KEA KIWASH,-1.2779162,34.580892,2021-02-02T00:00:00.000,Yes,Protected Well,Well,Public Tapstand,Public Tapstand,Improved,Kenya,KEN,Migori,Kuria East,Gokeharaka/Getambwega,,2015.0,Community Based Organization/ Self-Help Group/ Faith Based Organization /NGO,,,Community Management,"Functional, needs repair",,,,Unacceptable quality,Migori_enumerator-96JTTT,,6GCPPHCJ+R9J,,,https://api.mwater.co/v3/images/cc8346fd6b0d45c490ea10ef9c232b87,KE,https://catalog.waterpointdata.org/datasets/usaid-kiwash-kenya-2021-6372a622,66929.86536,1839.742456,3329.93686,70427.69968,9955.448133,"{""2021-02-02"": {""photo_lnk"": ""https://api.mwater.co/v3/images/cc8346fd6b0d45c490ea10ef9c232b87"", ""source"": ""USAID/KEA KIWASH"", ""status_id"": ""Yes"", ""water_source_clean"": ""Protected Well"", ""water_tech_clean"": ""Public Tapstand""}}",1444.0,240.0,,,0.166204986,0.8,300.0,1993,53.35407154,True,404040,False,1,Kenya,Protected spring,"KIOSK, public tap",Partially- functional but needs repairs,Migori,KURIA EAST,Nyabasi West,Project management committee,,"No, the water is not treated and safe for drinking",POINT (34.580892 -1.2779162),"(-1.2779162°, 34.580892°)",https://catalog.waterpointdata.org/datafiles/usaid-kiwash-kenya-2021-6372a622.csv,"#status_id, #orig_lnk",1,2022-11-14T20:33:38.000,2022-11-14T20:33:38.000,,USAID_KIWASH_Kenya_2021
799407,Evidence Action,-0.917169268,34.46176119,2014-08-29T00:00:00.000,Yes,Protected Well,Well,,,Improved,Kenya,KEN,Migori,Uriri,Central Kanyamkago,,,,,,,Non-Functional,,,,,,,6GFP3FM6+4PJ,Kowenga Protected Spring,,,KE,https://catalog.waterpointdata.org/datasets/evidence-action-kenya-wpdx-reingestion-5f74c47f,43019.90498,16091.80858,1270.62297,43713.93585,7852.797891,"{""2014-08-29"": {""source"": ""Evidence Action"", ""status_id"": ""Yes"", ""water_source_clean"": ""Protected Well""}}",2053.0,275.0,,,0.133950317,0.916666667,300.0,4342,25.44487893,True,140256,False,1,Kenya,Protected Spring,,,,,,,,,POINT (34.4617611911 -0.9171692683),"(-0.9171692683°, 34.4617611911°)",https://catalog.waterpointdata.org/datafiles/evidence-action-kenya-wpdx-reingestion-5f74c47f.xlsx,,1,2020-09-30T17:46:39.000,2020-09-30T17:46:39.000,,Evidence Action_Kenya_2012-2016
641066,Evidence Action,-1.240811706,34.5906868,2023-11-15T00:00:00.000,Yes,Borehole/Tubewell,Well,,,Improved,Kenya,KEN,Migori,Kuria East,Gokeharaka/Getambwega,,,,,,,Non-Functional,,,,,10321155,,6GCPQH5R+M7F,,,,KE,https://catalog.waterpointdata.org/datasets/evidence-action-kenya-2023-2024-66217272,62774.65119,5734.026677,1223.586423,66186.16017,5785.286517,"{""2023-11-15"": {""source"": ""Evidence Action"", ""status_id"": ""Yes"", ""water_source_clean"": ""Borehole/Tubewell""}}",2083.0,157.0,,,0.07537206,0.523333333,300.0,977,73.49422976,True,429618,False,1,Kenya,Borehole,,,Migori,Kuria West,Nyamotambe,,,,POINT (34.5906867980957 -1.2408117055892944),"(-1.2408117055892944°, 34.5906867980957°)",https://catalog.waterpointdata.org/datafiles/evidence-action-kenya-2023-2024-66217272.xlsx,,1,2024-04-18T19:20:18.000,2024-04-18T19:20:18.000,,Evidence Action_Kenya_2023-2024
782794,Evidence Action,-1.096018364,34.46221989,2014-03-31T00:00:00.000,Yes,Borehole/Tubewell,Well,,,Improved,Kenya,KEN,Migori,Suna West,Ragana-Oruba,,,,,,,Non-Functional,,,,,,,6GCPWF36+HVX,Kiamambogo Water Project,,,KE,https://catalog.waterpointdata.org/datasets/evidence-action-kenya-wpdx-reingestion-5f74c47f,57258.98909,262.437922,1624.53519,58155.38574,3289.253522,"{""2014-03-31"": {""source"": ""Evidence Action"", ""status_id"": ""Yes"", ""water_source_clean"": ""Borehole/Tubewell""}}",5352.0,414.0,,,0.07735426,1.38,300.0,4493,24.26214483,True,131758,False,1,Kenya,Borehole,,,,,,,,,POINT (34.4622198866 -1.0960183637),"(-1.0960183637°, 34.4622198866°)",https://catalog.waterpointdata.org/datafiles/evidence-action-kenya-wpdx-reingestion-5f74c47f.xlsx,,1,2020-09-30T17:46:39.000,2020-09-30T17:46:39.000,,Evidence Action_Kenya_2012-2016
640337,Evidence Action,-1.078600049,34.4835701,2023-11-23T00:00:00.000,Yes,Protected Well,Well,Motorized Pump - Electric,Motorized Pump,Improved,Kenya,KEN,Migori,Suna East,Suna Central,,,,,,,Non-Functional,,,,,10320167,,6GCPWFCM+HC4,,,,KE,https://catalog.waterpointdata.org/datasets/evidence-action-kenya-2023-2024-66217272,54260.52111,3136.405935,472.147315,55209.07252,2308.275247,"{""2023-11-23"": {""source"": ""Evidence Action"", ""status_id"": ""Yes"", ""water_source_clean"": ""Protected Well"", ""water_tech_clean"": ""Motorized Pump - Electric""}}",6530.0,1871.0,,,0.286523737,6.236666667,300.0,969,73.67979443,True,430995,False,1,Kenya,Protected Spring (not powered by solar/electricity),,,Migori,Suna East,Wasweta_1,,,,POINT (34.48357009887695 -1.0786000490188599),"(-1.0786000490188599°, 34.48357009887695°)",https://catalog.waterpointdata.org/datafiles/evidence-action-kenya-2023-2024-66217272.xlsx,,1,2024-04-18T19:20:18.000,2024-04-18T19:20:18.000,,Evidence Action_Kenya_2023-2024
799091,Evidence Action,-1.139280243,34.46797146,2014-08-26T00:00:00.000,Yes,Protected Well,Well,,,Improved,Kenya,KEN,Migori,Kuria West,Tagare,,,,,,,Non-Functional,,,,,,,6GCPVF69+75Q,Maraa Spring,,,KE,https://catalog.waterpointdata.org/datasets/evidence-action-kenya-wpdx-reingestion-5f74c47f,60622.91955,3040.539836,27.59788551,61750.22028,8038.044681,"{""2014-08-26"": {""source"": ""Evidence Action"", ""status_id"": ""Yes"", ""water_source_clean"": ""Protected Well""}}",1380.0,1138.0,,,0.824637681,3.793333333,300.0,4345,25.42082862,True,139593,False,1,Kenya,Protected Spring,,,,,,,,,POINT (34.4679714579 -1.139280243),"(-1.139280243°, 34.4679714579°)",https://catalog.waterpointdata.org/datafiles/evidence-action-kenya-wpdx-reingestion-5f74c47f.xlsx,,1,2020-09-30T17:46:39.000,2020-09-30T17:46:39.000,,Evidence Action_Kenya_2012-2016
641970,Evidence Action,-1.186800003,34.54179764,2023-11-13T00:00:00.000,Yes,Borehole/Tubewell,Well,,,Improved,Kenya,KEN,Migori,Kuria West,Bukira Centrl/Ikerege,,,,,,,Non-Functional,,,,,10340183,,6GCPRG7R+7PF,,,,KE,https://catalog.waterpointdata.org/datasets/evidence-action-kenya-2023-2024-66217272,60407.11722,5981.133818,1660.160363,62495.98432,8302.845666,"{""2023-11-13"": {""source"": ""Evidence Action"", ""status_id"": ""Yes"", ""water_source_clean"": ""Borehole/Tubewell""}}",1008.0,70.0,,,0.069444444,0.233333333,300.0,979,73.44791166,True,429281,False,1,Kenya,Borehole,,,Migori,Kuria West,Ikerege,,,,POINT (34.54179763793945 -1.1868000030517578),"(-1.1868000030517578°, 34.54179763793945°)",https://catalog.waterpointdata.org/datafiles/evidence-action-kenya-2023-2024-66217272.xlsx,,1,2024-04-18T19:20:18.000,2024-04-18T19:20:18.000,,Evidence Action_Kenya_2023-2024
799622,Evidence Action,-1.177868268,34.54598302,2014-01-09T00:00:00.000,Yes,Borehole/Tubewell,Well,,,Improved,Kenya,KEN,Migori,Kuria West,Bukira Centrl/Ikerege,,,,,,,Non-Functional,,,,,,,6GCPRGCW+V95,Kwiriba Community Borehole,,,KE,https://catalog.waterpointdata.org/datasets/evidence-action-kenya-wpdx-reingestion-5f74c47f,59328.81727,4903.813013,2386.105375,61404.38834,8015.667248,"{""2014-01-09"": {""source"": ""Evidence Action"", ""status_id"": ""Yes"", ""water_source_clean"": ""Borehole/Tubewell""}}",1491.0,249.0,,,0.167002012,0.83,300.0,4574,23.65051856,True,126596,False,1,Kenya,Borehole,,,,,,,,,POINT (34.5459830151 -1.1778682676),"(-1.1778682676°, 34.5459830151°)",https://catalog.waterpointdata.org/datafiles/evidence-action-kenya-wpdx-reingestion-5f74c47f.xlsx,,1,2020-09-30T17:46:39.000,2020-09-30T17:46:39.000,,Evidence Action_Kenya_2012-2016
640942,Evidence Action,-1.344375014,34.7061882,2023-11-22T00:00:00.000,Yes,Borehole/Tubewell,Well,,,Improved,Kenya,KEN,Migori,Kuria East,Ntimaru East,,,,,,,Non-Functional,,,,,10320956,,6GCPMP44+6FW,,,,KE,https://catalog.waterpointdata.org/datasets/evidence-action-kenya-2023-2024-66217272,67934.88447,4735.094232,2716.156366,74948.12823,19323.1605,"{""2023-11-22"": {""source"": ""Evidence Action"", ""status_id"": ""Yes"", ""water_source_clean"": ""Borehole/Tubewell""}}",2784.0,1098.0,,,0.394396552,3.66,300.0,970,73.65657325,True,430770,False,1,Kenya,Borehole,,,Migori,Kuria East,Makonge,,,,POINT (34.7061882019043 -1.3443750143051147),"(-1.3443750143051147°, 34.7061882019043°)",https://catalog.waterpointdata.org/datafiles/evidence-action-kenya-2023-2024-66217272.xlsx,,1,2024-04-18T19:20:18.000,2024-04-18T19:20:18.000,,Evidence Action_Kenya_2023-2024
103515,USAID/KEA KIWASH,-1.0020366,34.4677917,2021-02-02T00:00:00.000,Yes,Protected Well,Well,Public Tapstand,Public Tapstand,Improved,Kenya,KEN,Migori,Suna East,Kakrao,,1995.0,Community Based Organization/ Self-Help Group/ Faith Based Organization /NGO,,,Community Management,"Functional, needs repair",,,,Unacceptable quality,Migori_enumerator-96LLAV,,6GCPXFX9+54M,,,https://api.mwater.co/v3/images/b40662f410444a378357ce4e943a76c3,KE,https://catalog.waterpointdata.org/datasets/usaid-kiwash-kenya-2021-6372a622,49222.00942,8796.489904,899.8951923,49677.35685,7140.306677,"{""2021-02-02"": {""photo_lnk"": ""https://api.mwater.co/v3/images/b40662f410444a378357ce4e943a76c3"", ""source"": ""USAID/KEA KIWASH"", ""status_id"": ""Yes"", ""water_source_clean"": ""Protected Well"", ""water_tech_clean"": ""Public Tapstand""}}",2018.0,218.0,,,0.10802775,0.726666667,300.0,1993,53.35407154,True,404069,False,1,Kenya,Protected spring,"KIOSK, public tap",Partially- functional but needs repairs,Migori,URIRI,South Kanyamkago,Project management committee,,"No, the water is not treated and safe for drinking",POINT (34.4677917 -1.0020366),"(-1.0020366°, 34.4677917°)",https://catalog.waterpointdata.org/datafiles/usaid-kiwash-kenya-2021-6372a622.csv,"#status_id, #orig_lnk",1,2022-11-14T20:33:38.000,2022-11-14T20:33:38.000,,USAID_KIWASH_Kenya_2021
779680,Evidence Action,-1.058437898,34.46634994,2014-03-19T00:00:00.000,Yes,Protected Well,Well,,,Improved,Kenya,KEN,Migori,Suna West,Ragana-Oruba,,,,,,,Non-Functional,,,,,,,6GCPWFR8+JGH,Kagabo Protected Spring,,,KE,https://catalog.waterpointdata.org/datasets/evidence-action-kenya-wpdx-reingestion-5f74c47f,53824.73571,3410.511109,125.0212497,54554.77027,902.9506724,"{""2014-03-19"": {""source"": ""Evidence Action"", ""status_id"": ""Yes"", ""water_source_clean"": ""Protected Well""}}",9965.0,1998.0,,,0.200501756,6.66,300.0,4505,24.1705452,True,131447,False,1,Kenya,Protected Spring,,,,,,,,,POINT (34.4663499449 -1.0584378979),"(-1.0584378979°, 34.4663499449°)",https://catalog.waterpointdata.org/datafiles/evidence-action-kenya-wpdx-reingestion-5f74c47f.xlsx,,1,2020-09-30T17:46:39.000,2020-09-30T17:46:39.000,,Evidence Action_Kenya_2012-2016
641890,Evidence Action,-1.135898352,34.5652771,2023-09-10T00:00:00.000,Yes,Borehole/Tubewell,Well,Public Tapstand,Public Tapstand,Improved,Kenya,KEN,Migori,Kuria West,Masaba,,,,,,Community Management,Non-Functional,,,,Acceptable quality,10340081,,6GCPVH78+J3W,,,https://api.mwater.co/v3/images/21ea989d8793495fb4ee383a6a635306,KE,https://catalog.waterpointdata.org/datasets/evidence-action-kenya-2023-2024-66217272,54293.29708,66.26134403,1090.804427,56291.87684,8638.691615,"{""2021-02-02"": {""photo_lnk"": ""https://api.mwater.co/v3/images/21ea989d8793495fb4ee383a6a635306"", ""source"": ""USAID/KEA KIWASH"", ""status_id"": ""Yes"", ""water_source_clean"": ""Undefined Well"", ""water_tech_clean"": ""Public Tapstand""}, ""2023-09-10"": {""photo_lnk"": ""https://api.mwater.co/v3/images/21ea989d8793495fb4ee383a6a635306"", ""source"": ""Evidence Action"", ""status_id"": ""Yes"", ""water_source_clean"": ""Borehole/Tubewell"", ""water_tech_clean"": ""Public Tapstand""}}",1190.0,619.0,,,0.520168067,2.063333333,300.0,1043,71.98104537,True,404033,False,2,Kenya,Borehole,"KIOSK, public tap",Yes- functional and in use,Migori,Kuria West,Nyamagagana,Project management committee,,"Yes, the water is treated and safe for drinking",POINT (34.565277099609375 -1.1358983516693115),"(-1.1358983516693115°, 34.565277099609375°)",https://catalog.waterpointdata.org/datafiles/evidence-action-kenya-2023-2024-66217272.xlsx,"#status_id, #orig_lnk",1,2024-04-18T19:20:18.000,2024-04-18T19:20:18.000,,Evidence Action_Kenya_2023-2024
98217,USAID/KEA KIWASH,-1.231645,34.5995133,2021-02-03T00:00:00.000,Yes,Undefined Well,Well,Public Tapstand,Public Tapstand,Improved,Kenya,KEN,Migori,Kuria West,Bukira East,,2014.0,Other (please specify),,,Other,"Functional, not in use",,,,Unacceptable quality,Migori_enumerator-96MNCA,,6GCPQH9X+8RR,,,https://api.mwater.co/v3/images/8f8222a3aebf4399bdc9eb13378650fa,KE,https://catalog.waterpointdata.org/datasets/usaid-kiwash-kenya-2021-6372a622,61426.28613,7101.629701,163.7786494,64929.0609,4437.19432,"{""2021-02-03"": {""photo_lnk"": ""https://api.mwater.co/v3/images/8f8222a3aebf4399bdc9eb13378650fa"", ""source"": ""USAID/KEA KIWASH"", ""status_id"": ""Yes"", ""water_source_clean"": ""Undefined Well"", ""water_tech_clean"": ""Public Tapstand""}}",2361.0,442.0,,,0.18720881,1.473333333,300.0,1992,53.3708921,True,404591,False,1,Kenya,Protected hand dug/ shallow well,"KIOSK, public tap",Yes- functional and in use,Migori,KURIA WEST,Bukira East,Other (please specify),,"No, the water is not treated and safe for drinking",POINT (34.5995133 -1.231645),"(-1.231645°, 34.5995133°)",https://catalog.waterpointdata.org/datafiles/usaid-kiwash-kenya-2021-6372a622.csv,"#status_id, #orig_lnk",1,2022-11-14T20:33:38.000,2022-11-14T20:33:38.000,,USAID_KIWASH_Kenya_2021
777948,Evidence Action,-1.062565265,34.36628496,2014-03-13T00:00:00.000,Yes,Protected Well,Well,,,Improved,Kenya,KEN,Migori,Suna West,Wiga,,,,,,,Non-Functional,,,,,,,6GCPW9P8+XGF,Konyango Kotonge Spring,,,KE,https://catalog.waterpointdata.org/datasets/evidence-action-kenya-wpdx-reingestion-5f74c47f,61789.50467,2837.68659,308.7093922,62347.37971,11174.01834,"{""2014-03-13"": {""source"": ""Evidence Action"", ""status_id"": ""Yes"", ""water_source_clean"": ""Protected Well""}}",1000.0,760.0,,,0.76,2.533333333,300.0,4511,24.12487516,True,131299,False,1,Kenya,Protected Spring,,,,,,,,,POINT (34.3662849644 -1.0625652653),"(-1.0625652653°, 34.3662849644°)",https://catalog.waterpointdata.org/datafiles/evidence-action-kenya-wpdx-reingestion-5f74c47f.xlsx,,1,2020-09-30T17:46:39.000,2020-09-30T17:46:39.000,,Evidence Action_Kenya_2012-2016
783251,Evidence Action,-1.108892303,34.28979791,2014-02-04T00:00:00.000,Yes,Borehole/Tubewell,Well,,,Improved,Kenya,KEN,Migori,Suna West,Wasimbete,,,,,,,Non-Functional,,,,,,,6GCPV7RQ+CWV,Daniel Masaga Borehole,,,KE,https://catalog.waterpointdata.org/datasets/evidence-action-kenya-wpdx-reingestion-5f74c47f,67495.54887,332.9048768,783.4196521,68848.50182,20226.07074,"{""2014-02-04"": {""source"": ""Evidence Action"", ""status_id"": ""Yes"", ""water_source_clean"": ""Borehole/Tubewell""}}",1753.0,786.0,,,0.448374216,2.62,300.0,4548,23.84514384,True,128332,False,1,Kenya,Borehole,,,,,,,,,POINT (34.2897979121 -1.1088923029),"(-1.1088923029°, 34.2897979121°)",https://catalog.waterpointdata.org/datafiles/evidence-action-kenya-wpdx-reingestion-5f74c47f.xlsx,,1,2020-09-30T17:46:39.000,2020-09-30T17:46:39.000,,Evidence Action_Kenya_2012-2016
780444,Evidence Action,-1.063175852,34.52803434,2014-03-21T00:00:00.000,Yes,Protected Well,Well,,,Improved,Kenya,KEN,Migori,Suna East,God Jope,,,,,,,Non-Functional,,,,,,,6GCPWGPH+P6F,Jacktone Licher Spring,,,KE,https://catalog.waterpointdata.org/datasets/evidence-action-kenya-wpdx-reingestion-5f74c47f,49882.81165,5805.681119,1448.447418,51068.17573,6848.143285,"{""2014-03-21"": {""source"": ""Evidence Action"", ""status_id"": ""Yes"", ""water_source_clean"": ""Protected Well""}}",1764.0,1034.0,,,0.5861678,3.446666667,300.0,4503,24.18578776,True,131530,False,1,Kenya,Protected Spring,,,,,,,,,POINT (34.5280343441 -1.0631758522),"(-1.0631758522°, 34.5280343441°)",https://catalog.waterpointdata.org/datafiles/evidence-action-kenya-wpdx-reingestion-5f74c47f.xlsx,,1,2020-09-30T17:46:39.000,2020-09-30T17:46:39.000,,Evidence Action_Kenya_2012-2016
270042,USAID/KEA KIWASH,-1.0620663,34.5434757,2021-02-04T00:00:00.000,Yes,Borehole/Tubewell,Well,,,Improved,Kenya,KEN,Migori,Suna East,God Jope,,2019.0,,,,Other,"Functional, not in use",,,,Unacceptable quality,Migori_enumerator-96QCSH,,6GCPWGQV+59H,,,https://api.mwater.co/v3/images/e964f7da36ce4f82b065d7bc2b001480,KE,https://catalog.waterpointdata.org/datasets/usaid-kiwash-kenya-2021-6372a622,48786.10354,6470.770628,582.2951988,50085.00606,8570.973252,"{""2021-02-04"": {""photo_lnk"": ""https://api.mwater.co/v3/images/e964f7da36ce4f82b065d7bc2b001480"", ""source"": ""USAID/KEA KIWASH"", ""status_id"": ""Yes"", ""water_source_clean"": ""Borehole/Tubewell""}}",1802.0,340.0,,,0.188679245,1.133333333,300.0,1991,53.38771796,True,405621,False,1,Kenya,Borehole,Piped pumping scheme,Yes- functional and in use,Migori,SUNA EAST,God Jope,Other (please specify),,"No, the water is not treated and safe for drinking",POINT (34.5434757 -1.0620663),"(-1.0620663°, 34.5434757°)",https://catalog.waterpointdata.org/datafiles/usaid-kiwash-kenya-2021-6372a622.csv,"#status_id, #orig_lnk",1,2022-11-14T20:33:38.000,2022-11-14T20:33:38.000,,USAID_KIWASH_Kenya_2021
641036,Evidence Action,-1.304053307,34.58219147,2023-07-12T00:00:00.000,Yes,Protected Well,Well,Motorized Pump - Electric,Motorized Pump,Improved,Kenya,KEN,Migori,Kuria East,Nyabasi West,,,,,,,Non-Functional,,,,,10321100,,6GCPMHWJ+8V8,Kwirambo,,,KE,https://catalog.waterpointdata.org/datasets/evidence-action-kenya-2023-2024-66217272,69467.63693,263.6868192,1231.894619,73152.83323,12621.35876,"{""2014-02-09"": {""source"": ""Evidence Action"", ""status_id"": ""Yes"", ""water_source_clean"": ""Protected Well""}, ""2023-07-12"": {""source"": ""Evidence Action"", ""status_id"": ""Yes"", ""water_source_clean"": ""Protected Well"", ""water_tech_clean"": ""Motorized Pump - Electric""}}",484.0,175.0,,,0.361570248,0.583333333,300.0,1103,70.63247567,True,128894,False,2,Kenya,Protected Spring (not powered by solar/electricity),,,Migori,Kuria East,Masongora,,,,POINT (34.582191467285156 -1.3040533065795898),"(-1.3040533065795898°, 34.582191467285156°)",https://catalog.waterpointdata.org/datafiles/evidence-action-kenya-2023-2024-66217272.xlsx,,1,2024-04-18T19:20:18.000,2024-04-18T19:20:18.000,,Evidence Action_Kenya_2023-2024
641031,Evidence Action,-1.285841703,34.55737686,2023-07-12T00:00:00.000,Yes,Protected Well,Well,Motorized Pump - Electric,Motorized Pump,Improved,Kenya,KEN,Migori,Kuria East,Gokeharaka/Getambwega,,,,,,,Non-Functional,,,,,10321096,,6GCPPH74+MX6,,,,KE,https://catalog.waterpointdata.org/datasets/evidence-action-kenya-2023-2024-66217272,68903.54228,387.3950948,1716.596242,72072.94184,10049.38983,"{""2023-07-12"": {""source"": ""Evidence Action"", ""status_id"": ""Yes"", ""water_source_clean"": ""Protected Well"", ""water_tech_clean"": ""Motorized Pump - Electric""}}",1261.0,345.0,,,0.273592387,1.15,300.0,1103,70.63247567,True,427254,False,1,Kenya,Protected Spring (not powered by solar/electricity),,,Migori,Kuria East,Masangora,,,,POINT (34.557376861572266 -1.285841703414917),"(-1.285841703414917°, 34.557376861572266°)",https://catalog.waterpointdata.org/datafiles/evidence-action-kenya-2023-2024-66217272.xlsx,,1,2024-04-18T19:20:18.000,2024-04-18T19:20:18.000,,Evidence Action_Kenya_2023-2024
641101,Evidence Action,-1.225351691,34.61351013,2023-11-14T00:00:00.000,Yes,Protected Well,Well,Motorized Pump - Electric,Motorized Pump,Improved,Kenya,KEN,Migori,Kuria East,Nyabasi West,,,,,,,Non-Functional,,,,,10321202,,6GCPQJF7+W93,Kejohn Spring,,,KE,https://catalog.waterpointdata.org/datasets/evidence-action-kenya-2023-2024-66217272,60114.30202,6989.01799,558.7922392,63826.40015,3357.920015,"{""2014-09-13"": {""source"": ""Evidence Action"", ""status_id"": ""Yes"", ""water_source_clean"": ""Protected Well""}, ""2023-11-14"": {""source"": ""Evidence Action"", ""status_id"": ""Yes"", ""water_source_clean"": ""Protected Well"", ""water_tech_clean"": ""Motorized Pump - Electric""}}",1737.0,789.0,,,0.454231434,2.63,300.0,978,73.47106706,True,143833,False,2,Kenya,Protected Spring (not powered by solar/electricity),,,Migori,Kuria West,Taranganya,,,,POINT (34.61351013183594 -1.2253516912460327),"(-1.2253516912460327°, 34.61351013183594°)",https://catalog.waterpointdata.org/datafiles/evidence-action-kenya-2023-2024-66217272.xlsx,,1,2024-04-18T19:20:18.000,2024-04-18T19:20:18.000,,Evidence Action_Kenya_2023-2024
289894,USAID/KEA KIWASH,-1.2627135,34.5971425,2021-02-05T00:00:00.000,Yes,Undefined Well,Well,Public Tapstand,Public Tapstand,Improved,Kenya,KEN,Migori,Kuria East,Nyabasi West,,2020.0,,,,Community Management,"Functional, needs repair",,,,Unacceptable quality,Migori_enumerator-96SUFU,,6GCPPHPW+WV6,,,https://api.mwater.co/v3/images/06f82b1a5ffb4fea8a1d30b6a9915f61,KE,https://catalog.waterpointdata.org/datasets/usaid-kiwash-kenya-2021-6372a622,64627.11749,4298.580632,1473.307523,68298.49815,7765.488353,"{""2021-02-05"": {""photo_lnk"": ""https://api.mwater.co/v3/images/06f82b1a5ffb4fea8a1d30b6a9915f61"", ""source"": ""USAID/KEA KIWASH"", ""status_id"": ""Yes"", ""water_source_clean"": ""Undefined Well"", ""water_tech_clean"": ""Public Tapstand""}}",1515.0,562.0,,,0.370957096,1.873333333,300.0,1990,53.40454912,True,406376,False,1,Kenya,Protected hand dug/ shallow well,"KIOSK, public tap",Partially- functional but needs repairs,Migori,KURIA EAST,Gokeharaka/Getambwega,Project management committee,,"No, the water is not treated and safe for drinking",POINT (34.5971425 -1.2627135),"(-1.2627135°, 34.5971425°)",https://catalog.waterpointdata.org/datafiles/usaid-kiwash-kenya-2021-6372a622.csv,"#status_id, #orig_lnk",1,2022-11-14T20:33:38.000,2022-11-14T20:33:38.000,,USAID_KIWASH_Kenya_2021
641991,Evidence Action,-1.185071707,34.52110672,2023-11-28T00:00:00.000,Yes,Protected Well,Well,Motorized Pump - Electric,Motorized Pump,Improved,Kenya,KEN,Migori,Kuria West,Bukira Centrl/Ikerege,,,,,,,Non-Functional,,,,,10340207,,6GCPRG7C+WCW,Kemachoki Protected Spring,,,KE,https://catalog.waterpointdata.org/datasets/evidence-action-kenya-2023-2024-66217272,61585.09766,7098.593469,2766.839447,63292.81646,7677.632023,"{""2014-08-31"": {""source"": ""Evidence Action"", ""status_id"": ""Yes"", ""water_source_clean"": ""Protected Well""}, ""2023-11-28"": {""source"": ""Evidence Action"", ""status_id"": ""Yes"", ""water_source_clean"": ""Protected Well"", ""water_tech_clean"": ""Motorized Pump - Electric""}}",942.0,572.0,,,0.607218684,1.906666667,300.0,964,73.79601021,True,140498,False,2,Kenya,Protected Spring (not powered by solar/electricity),,,Migori,Kuria West,Kiomakebe,,,,POINT (34.5211067199707 -1.1850717067718506),"(-1.1850717067718506°, 34.5211067199707°)",https://catalog.waterpointdata.org/datafiles/evidence-action-kenya-2023-2024-66217272.xlsx,,1,2024-04-18T19:20:18.000,2024-04-18T19:20:18.000,,Evidence Action_Kenya_2023-2024
800076,Evidence Action,-1.337556632,34.68849635,2014-05-09T00:00:00.000,Yes,Borehole/Tubewell,Well,,,Improved,Kenya,KEN,Migori,Kuria East,Ntimaru West,,,,,,,Non-Functional,,,,,,,6GCPMM6Q+XC2,Kenyamohanga,,,KE,https://catalog.waterpointdata.org/datasets/evidence-action-kenya-wpdx-reingestion-5f74c47f,68061.23505,4643.277795,657.7916001,74411.01161,17709.59069,"{""2014-04-09"": {""source"": ""Evidence Action"", ""status_id"": ""Yes"", ""water_source_clean"": ""Protected Well""}, ""2014-05-09"": {""source"": ""Evidence Action"", ""status_id"": ""Yes"", ""water_source_clean"": ""Borehole/Tubewell""}}",4178.0,1060.0,,,0.253709909,3.533333333,300.0,4454,24.56224786,True,132102,False,2,Kenya,Borehole,,,,,,,,,POINT (34.6884963521 -1.3375566321),"(-1.3375566321°, 34.6884963521°)",https://catalog.waterpointdata.org/datafiles/evidence-action-kenya-wpdx-reingestion-5f74c47f.xlsx,,1,2020-09-30T17:46:39.000,2020-09-30T17:46:39.000,,Evidence Action_Kenya_2012-2016
642234,Evidence Action,-0.904563308,34.49160004,2024-01-19T00:00:00.000,Yes,Protected Well,Well,Motorized Pump - Electric,Motorized Pump,Improved,Kenya,KEN,Migori,Uriri,North Kanyamkago,,,,,,,Non-Functional,,,,,10340471,,6GFP3FWR+5JH,,,,KE,https://catalog.waterpointdata.org/datasets/evidence-action-kenya-2023-2024-66217272,39610.07661,19091.81562,749.2310848,40264.49705,4481.543308,"{""2024-01-19"": {""source"": ""Evidence Action"", ""status_id"": ""Yes"", ""water_source_clean"": ""Protected Well"", ""water_tech_clean"": ""Motorized Pump - Electric""}}",2294.0,160.0,,,0.069747167,0.533333333,300.0,912,75.01557465,True,433524,False,1,Kenya,Protected Spring (not powered by solar/electricity),,,Migori,Uriri,Kamgundho 2,,,,POINT (34.491600036621094 -0.904563307762146),"(-0.904563307762146°, 34.491600036621094°)",https://catalog.waterpointdata.org/datafiles/evidence-action-kenya-2023-2024-66217272.xlsx,,1,2024-04-18T19:20:18.000,2024-04-18T19:20:18.000,,Evidence Action_Kenya_2023-2024
641910,Evidence Action,-1.200148344,34.47431183,2023-06-11T00:00:00.000,Yes,Borehole/Tubewell,Well,,,Improved,Kenya,KEN,Migori,Kuria West,Nyamosense/Komosoko,,,,,,,Non-Functional,,,,,10340107,,6GCPQFXF+WPV,,,,KE,https://catalog.waterpointdata.org/datasets/evidence-action-kenya-2023-2024-66217272,65747.8114,4909.440806,172.632783,67165.03512,4475.643236,"{""2023-06-11"": {""source"": ""Evidence Action"", ""status_id"": ""Yes"", ""water_source_clean"": ""Borehole/Tubewell""}}",3614.0,483.0,,,0.133646929,1.61,300.0,1134,69.94564393,True,426380,False,1,Kenya,Borehole,,,Migori,Kuria West,Komosoko,,,,POINT (34.47431182861328 -1.200148344039917),"(-1.200148344039917°, 34.47431182861328°)",https://catalog.waterpointdata.org/datafiles/evidence-action-kenya-2023-2024-66217272.xlsx,,1,2024-04-18T19:20:18.000,2024-04-18T19:20:18.000,,Evidence Action_Kenya_2023-2024
800230,Evidence Action,-0.909295405,34.49639681,2014-09-09T00:00:00.000,Yes,Protected Well,Well,,,Improved,Kenya,KEN,Migori,Uriri,North Kanyamkago,,,,,,,Non-Functional,,,,,,,6GFP3FRW+7HJ,Kabala,,,KE,https://catalog.waterpointdata.org/datasets/evidence-action-kenya-wpdx-reingestion-5f74c47f,39575.48822,18967.07314,1079.524321,40201.59724,3934.353165,"{""2014-09-09"": {""source"": ""Evidence Action"", ""status_id"": ""Yes"", ""water_source_clean"": ""Protected Well""}}",1754.0,186.0,,,0.10604333,0.62,300.0,4331,25.53325824,True,142536,False,1,Kenya,Protected Spring,,,,,,,,,POINT (34.4963968094 -0.9092954045),"(-0.9092954045°, 34.4963968094°)",https://catalog.waterpointdata.org/datafiles/evidence-action-kenya-wpdx-reingestion-5f74c47f.xlsx,,1,2020-09-30T17:46:39.000,2020-09-30T17:46:39.000,,Evidence Action_Kenya_2012-2016
795088,Evidence Action,-1.063578383,34.43627909,2014-08-21T00:00:00.000,Yes,Borehole/Tubewell,Well,,,Improved,Kenya,KEN,Migori,Suna East,Kakrao,,,,,,,Non-Functional,,,,,,,6GCPWCPP+HG6,Lubale Bore Hole,,,KE,https://catalog.waterpointdata.org/datasets/evidence-action-kenya-wpdx-reingestion-5f74c47f,56537.04811,1255.407033,2160.272999,57107.49084,3391.228592,"{""2014-08-21"": {""source"": ""Evidence Action"", ""status_id"": ""Yes"", ""water_source_clean"": ""Borehole/Tubewell""}}",4244.0,1642.0,,,0.386899152,5.473333333,300.0,4350,25.38079527,True,139155,False,1,Kenya,Borehole,,,,,,,,,POINT (34.4362790862 -1.0635783832),"(-1.0635783832°, 34.4362790862°)",https://catalog.waterpointdata.org/datafiles/evidence-action-kenya-wpdx-reingestion-5f74c47f.xlsx,,1,2020-09-30T17:46:39.000,2020-09-30T17:46:39.000,,Evidence Action_Kenya_2012-2016
175916,USAID/KEA KIWASH,-1.0501583,34.5310333,2021-02-04T00:00:00.000,Yes,Undefined Well,Well,Public Tapstand,Public Tapstand,Improved,Kenya,KEN,Migori,Suna East,God Jope,,2020.0,,,,Other,"Functional, not in use",,,,Acceptable quality,Migori_enumerator-96Q26H,,6GCPWGXJ+WCM,,,https://api.mwater.co/v3/images/b83a46c89eb041609507dd0b1282ad70,KE,https://catalog.waterpointdata.org/datasets/usaid-kiwash-kenya-2021-6372a622,48526.86925,7272.617332,27.51806663,49668.73047,7398.325041,"{""2021-02-04"": {""photo_lnk"": ""https://api.mwater.co/v3/images/b83a46c89eb041609507dd0b1282ad70"", ""source"": ""USAID/KEA KIWASH"", ""status_id"": ""Yes"", ""water_source_clean"": ""Undefined Well"", ""water_tech_clean"": ""Public Tapstand""}}",2518.0,421.0,,,0.167196187,1.403333333,300.0,1991,53.38771796,True,405603,False,1,Kenya,Protected hand dug/ shallow well,"KIOSK, public tap",Yes- functional and in use,Migori,SUNA EAST,God Jope,Other (please specify),,"Yes, the water is treated and safe for drinking",POINT (34.5310333 -1.0501583),"(-1.0501583°, 34.5310333°)",https://catalog.waterpointdata.org/datafiles/usaid-kiwash-kenya-2021-6372a622.csv,"#status_id, #orig_lnk",1,2022-11-14T20:33:38.000,2022-11-14T20:33:38.000,,USAID_KIWASH_Kenya_2021
640664,Evidence Action,-1.303366661,34.61944199,2023-11-14T00:00:00.000,Yes,Protected Well,Well,Motorized Pump - Electric,Motorized Pump,Improved,Kenya,KEN,Migori,Kuria East,Nyabasi West,,,,,,,Non-Functional,,,,,10320574,,6GCPMJW9+MQF,Kwisamboa Spring,,,KE,https://catalog.waterpointdata.org/datasets/evidence-action-kenya-2023-2024-66217272,67644.11793,3023.084372,169.7070312,72017.83837,11979.7936,"{""2014-09-09"": {""source"": ""Evidence Action"", ""status_id"": ""Yes"", ""water_source_clean"": ""Protected Well""}, ""2023-11-14"": {""source"": ""Evidence Action"", ""status_id"": ""Yes"", ""water_source_clean"": ""Protected Well"", ""water_tech_clean"": ""Motorized Pump - Electric""}}",3229.0,1214.0,,,0.375967792,4.046666667,300.0,978,73.47106706,True,142554,False,2,Kenya,Protected Spring (not powered by solar/electricity),,,Migori,Kuria East,Tebesi,,,,POINT (34.619441986083984 -1.3033666610717773),"(-1.3033666610717773°, 34.619441986083984°)",https://catalog.waterpointdata.org/datafiles/evidence-action-kenya-2023-2024-66217272.xlsx,,1,2024-04-18T19:20:18.000,2024-04-18T19:20:18.000,,Evidence Action_Kenya_2023-2024
800244,Evidence Action,-0.905782555,34.49253482,2014-09-09T00:00:00.000,Yes,Protected Well,Well,,,Improved,Kenya,KEN,Migori,Uriri,North Kanyamkago,,,,,,,Non-Functional,,,,,,,6GFP3FVV+M2M,Karao,,,KE,https://catalog.waterpointdata.org/datasets/evidence-action-kenya-wpdx-reingestion-5f74c47f,39624.47438,19040.54555,825.5228013,40272.47043,4368.30196,"{""2014-09-09"": {""source"": ""Evidence Action"", ""status_id"": ""Yes"", ""water_source_clean"": ""Protected Well""}}",2164.0,137.0,,,0.063308688,0.456666667,300.0,4331,25.53325824,True,142540,False,1,Kenya,Protected Spring,,,,,,,,,POINT (34.4925348224 -0.9057825553),"(-0.9057825553°, 34.4925348224°)",https://catalog.waterpointdata.org/datafiles/evidence-action-kenya-wpdx-reingestion-5f74c47f.xlsx,,1,2020-09-30T17:46:39.000,2020-09-30T17:46:39.000,,Evidence Action_Kenya_2012-2016
642346,Evidence Action,-0.978808343,34.54127502,2023-04-12T00:00:00.000,Yes,Protected Well,Well,Motorized Pump - Electric,Motorized Pump,Improved,Kenya,KEN,Migori,Uriri,South Kanyamkago,,,,,,,Non-Functional,,,,,10340596,,6GFP2GCR+FGC,,,,KE,https://catalog.waterpointdata.org/datasets/evidence-action-kenya-2023-2024-66217272,41700.19889,15171.20991,244.1479073,42498.72571,7903.562751,"{""2023-04-12"": {""source"": ""Evidence Action"", ""status_id"": ""Yes"", ""water_source_clean"": ""Protected Well"", ""water_tech_clean"": ""Motorized Pump - Electric""}}",1926.0,397.0,,,0.206126687,1.323333333,300.0,1194,68.63520761,True,425442,False,1,Kenya,Protected Spring (not powered by solar/electricity),,,Migori,Uriri,Got Uriri,,,,POINT (34.54127502441406 -0.9788083434104919),"(-0.9788083434104919°, 34.54127502441406°)",https://catalog.waterpointdata.org/datafiles/evidence-action-kenya-2023-2024-66217272.xlsx,,1,2024-04-18T19:20:18.000,2024-04-18T19:20:18.000,,Evidence Action_Kenya_2023-2024
640365,Evidence Action,-1.006011724,34.39484406,2023-12-16T00:00:00.000,Yes,Protected Well,Well,Motorized Pump - Electric,Motorized Pump,Improved,Kenya,KEN,Migori,Suna East,Kakrao,,,,,,,Non-Functional,,,,,10320203,,6GCPX9VV+HWX,,,,KE,https://catalog.waterpointdata.org/datasets/evidence-action-kenya-2023-2024-66217272,55136.33383,4023.130418,482.5921685,55754.6932,10424.41794,"{""2023-12-16"": {""source"": ""Evidence Action"", ""status_id"": ""Yes"", ""water_source_clean"": ""Protected Well"", ""water_tech_clean"": ""Motorized Pump - Electric""}}",957.0,934.0,,,0.975966562,3.113333333,300.0,946,74.21590686,True,432436,False,1,Kenya,Protected Spring (not powered by solar/electricity),,,Migori,Suna West,Nyarongi,,,,POINT (34.39484405517578 -1.006011724472046),"(-1.006011724472046°, 34.39484405517578°)",https://catalog.waterpointdata.org/datafiles/evidence-action-kenya-2023-2024-66217272.xlsx,,1,2024-04-18T19:20:18.000,2024-04-18T19:20:18.000,,Evidence Action_Kenya_2023-2024
103564,USAID/KEA KIWASH,-0.9973867,34.5502183,2021-02-02T00:00:00.000,Yes,Undefined Well,Well,Public Tapstand,Public Tapstand,Improved,Kenya,KEN,Migori,Uriri,East Kanyamkago,,2018.0,,,,Community Management,"Functional, needs repair",,,,Unacceptable quality,Migori_enumerator-96L4T2,,6GFP2H32+23W,,,https://api.mwater.co/v3/images/bc0b8a22c614445db73f0e7c804136b5,KE,https://catalog.waterpointdata.org/datasets/usaid-kiwash-kenya-2021-6372a622,42612.82399,13485.84077,19.75952998,43608.62435,12049.46151,"{""2021-02-02"": {""photo_lnk"": ""https://api.mwater.co/v3/images/bc0b8a22c614445db73f0e7c804136b5"", ""source"": ""USAID/KEA KIWASH"", ""status_id"": ""Yes"", ""water_source_clean"": ""Undefined Well"", ""water_tech_clean"": ""Public Tapstand""}}",1076.0,755.0,,,0.701672862,2.516666667,300.0,1993,53.35407154,True,404075,False,1,Kenya,Protected hand dug/ shallow well,"KIOSK, public tap",Partially- functional but needs repairs,Migori,URIRI,East Kanyamkago,Project management committee,,"No, the water is not treated and safe for drinking",POINT (34.5502183 -0.9973867),"(-0.9973867°, 34.5502183°)",https://catalog.waterpointdata.org/datafiles/usaid-kiwash-kenya-2021-6372a622.csv,"#status_id, #orig_lnk",1,2022-11-14T20:33:38.000,2022-11-14T20:33:38.000,,USAID_KIWASH_Kenya_2021
642198,Evidence Action,-0.902021646,34.48590469,2024-01-17T00:00:00.000,Yes,Protected Well,Well,Motorized Pump - Electric,Motorized Pump,Improved,Kenya,KEN,Migori,Uriri,North Kanyamkago,,,,,,,Non-Functional,,,,,10340432,,6GFP3FXP+59R,,,,KE,https://catalog.waterpointdata.org/datasets/evidence-action-kenya-2023-2024-66217272,39893.89509,18959.27647,872.5835371,40571.84285,5141.90611,"{""2024-01-17"": {""source"": ""Evidence Action"", ""status_id"": ""Yes"", ""water_source_clean"": ""Protected Well"", ""water_tech_clean"": ""Motorized Pump - Electric""}}",3041.0,303.0,,,0.099638277,1.01,300.0,914,74.96829775,True,433151,False,1,Kenya,Protected Spring (not powered by solar/electricity),,,Migori,Uriri,Kamgundho 2,,,,POINT (34.485904693603516 -0.9020216464996338),"(-0.9020216464996338°, 34.485904693603516°)",https://catalog.waterpointdata.org/datafiles/evidence-action-kenya-2023-2024-66217272.xlsx,,1,2024-04-18T19:20:18.000,2024-04-18T19:20:18.000,,Evidence Action_Kenya_2023-2024
641895,Evidence Action,-1.216306686,34.46585846,2023-01-12T00:00:00.000,Yes,Borehole/Tubewell,Well,,,Improved,Kenya,KEN,Migori,Kuria West,Nyamosense/Komosoko,,,,,,,Non-Functional,,,,,10340086,,6GCPQFM8+F8H,,,,KE,https://catalog.waterpointdata.org/datasets/evidence-action-kenya-2023-2024-66217272,67758.85425,3292.886571,1635.763045,69183.77395,3043.609484,"{""2023-01-12"": {""source"": ""Evidence Action"", ""status_id"": ""Yes"", ""water_source_clean"": ""Borehole/Tubewell""}}",2475.0,671.0,,,0.271111111,2.236666667,300.0,1284,66.71544239,True,424387,False,1,Kenya,Borehole,,,Migori,Kuria West,Isibania,,,,POINT (34.465858459472656 -1.2163066864013672),"(-1.2163066864013672°, 34.465858459472656°)",https://catalog.waterpointdata.org/datafiles/evidence-action-kenya-2023-2024-66217272.xlsx,,1,2024-04-18T19:20:18.000,2024-04-18T19:20:18.000,,Evidence Action_Kenya_2023-2024
640600,Evidence Action,-1.155208349,34.39285278,2023-11-20T00:00:00.000,Yes,Borehole/Tubewell,Well,,,Improved,Kenya,KEN,Migori,Kuria West,Nyamosense/Komosoko,,,,,,,Non-Functional,,,,,10320491,,6GCPR9VV+W49,,,,KE,https://catalog.waterpointdata.org/datasets/evidence-action-kenya-2023-2024-66217272,67253.96049,4913.014515,914.9953477,68023.45139,13452.70154,"{""2023-11-20"": {""source"": ""Evidence Action"", ""status_id"": ""Yes"", ""water_source_clean"": ""Borehole/Tubewell""}}",750.0,403.0,,,0.537333333,1.343333333,300.0,972,73.61015284,True,430365,False,1,Kenya,Borehole,,,Migori,Kuria West,Nyamaraga,,,,POINT (34.392852783203125 -1.1552083492279053),"(-1.1552083492279053°, 34.392852783203125°)",https://catalog.waterpointdata.org/datafiles/evidence-action-kenya-2023-2024-66217272.xlsx,,1,2024-04-18T19:20:18.000,2024-04-18T19:20:18.000,,Evidence Action_Kenya_2023-2024
101221,USAID/KEA KIWASH,-1.18984,34.6152783,2021-02-03T00:00:00.000,Yes,Undefined Well,Well,Public Tapstand,Public Tapstand,Improved,Kenya,KEN,Migori,Kuria West,Bukira East,,,,,,Other,"Functional, not in use",,,,Unacceptable quality,Migori_enumerator-96MQDA,,6GCPRJ68+346,,,https://api.mwater.co/v3/images/8bbddb93ff414eddb88bad88ce28152a,KE,https://catalog.waterpointdata.org/datasets/usaid-kiwash-kenya-2021-6372a622,56510.52162,3308.444143,98.87912868,59997.81808,584.4379606,"{""2021-02-03"": {""photo_lnk"": ""https://api.mwater.co/v3/images/8bbddb93ff414eddb88bad88ce28152a"", ""source"": ""USAID/KEA KIWASH"", ""status_id"": ""Yes"", ""water_source_clean"": ""Undefined Well"", ""water_tech_clean"": ""Public Tapstand""}}",5706.0,822.0,,,0.144058885,2.74,300.0,1992,53.3708921,True,404620,False,1,Kenya,Protected hand dug/ shallow well,"KIOSK, public tap",Yes- functional and in use,Migori,KURIA WEST,Igena,Other (please specify),,"No, the water is not treated and safe for drinking",POINT (34.6152783 -1.18984),"(-1.18984°, 34.6152783°)",https://catalog.waterpointdata.org/datafiles/usaid-kiwash-kenya-2021-6372a622.csv,"#status_id, #orig_lnk",1,2022-11-14T20:33:38.000,2022-11-14T20:33:38.000,,USAID_KIWASH_Kenya_2021
103431,USAID/KEA KIWASH,-1.2798792,34.6209624,2021-01-29T00:00:00.000,Yes,Borehole/Tubewell,Well,Public Tapstand,Public Tapstand,Improved,Kenya,KEN,Migori,Kuria East,Nyabasi West,,2019.0,Community Based Organization/ Self-Help Group/ Faith Based Organization /NGO,,,Community Management,"Functional, not in use",,,,Unacceptable quality,Migori_enumerator-968CYG,,6GCPPJCC+29W,,,https://api.mwater.co/v3/images/fefb002f9b334cddb604ae36054ca3f8,KE,https://catalog.waterpointdata.org/datasets/usaid-kiwash-kenya-2021-6372a622,65208.85758,4409.909022,1112.197568,69452.44929,9392.963563,"{""2021-01-29"": {""photo_lnk"": ""https://api.mwater.co/v3/images/fefb002f9b334cddb604ae36054ca3f8"", ""source"": ""USAID/KEA KIWASH"", ""status_id"": ""Yes"", ""water_source_clean"": ""Borehole/Tubewell"", ""water_tech_clean"": ""Public Tapstand""}}",1580.0,462.0,,,0.292405063,1.54,300.0,1997,53.2868423,True,402914,False,1,Kenya,Borehole,"KIOSK, public tap",Yes- functional and in use,Migori,KURIA EAST,Nyabasi West,Project management committee,,"No, the water is not treated and safe for drinking",POINT (34.6209624 -1.2798792),"(-1.2798792°, 34.6209624°)",https://catalog.waterpointdata.org/datafiles/usaid-kiwash-kenya-2021-6372a622.csv,"#status_id, #orig_lnk",1,2022-11-14T20:33:38.000,2022-11-14T20:33:38.000,,USAID_KIWASH_Kenya_2021
800006,Evidence Action,-1.164361939,34.59731187,2014-04-09T00:00:00.000,Yes,Borehole/Tubewell,Well,,,Improved,Kenya,KEN,Migori,Kuria West,Bukira Centrl/Ikerege,,,,,,,Non-Functional,,,,,,,6GCPRHPW+7W3,Nyaigutu School Borehole,,,KE,https://catalog.waterpointdata.org/datasets/evidence-action-kenya-wpdx-reingestion-5f74c47f,55004.07259,1356.805572,1893.723665,57925.22257,3979.885007,"{""2014-04-09"": {""source"": ""Evidence Action"", ""status_id"": ""Yes"", ""water_source_clean"": ""Borehole/Tubewell""}}",1091.0,365.0,,,0.334555454,1.216666667,300.0,4484,24.33107229,True,132103,False,1,Kenya,Borehole,,,,,,,,,POINT (34.5973118688 -1.1643619393),"(-1.1643619393°, 34.5973118688°)",https://catalog.waterpointdata.org/datafiles/evidence-action-kenya-wpdx-reingestion-5f74c47f.xlsx,,1,2020-09-30T17:46:39.000,2020-09-30T17:46:39.000,,Evidence Action_Kenya_2012-2016
98760,USAID/KEA KIWASH,-1.0017652,34.2467593,2021-02-03T00:00:00.000,Yes,Borehole/Tubewell,Well,,,Improved,Kenya,KEN,Migori,Nyatike,Macalder/Kanyarwanda,,2019.0,,,,Community Management,"Functional, not in use",,,,Unacceptable quality,Migori_enumerator-96MR3V,,6GCPX6XW+7PR,,,https://api.mwater.co/v3/images/e9324ab85fd141eb8234d24b4a9a6cc9,KE,https://catalog.waterpointdata.org/datasets/usaid-kiwash-kenya-2021-6372a622,67792.6839,105.3099335,3516.619179,68659.38253,25497.26875,"{""2021-02-03"": {""photo_lnk"": ""https://api.mwater.co/v3/images/e9324ab85fd141eb8234d24b4a9a6cc9"", ""source"": ""USAID/KEA KIWASH"", ""status_id"": ""Yes"", ""water_source_clean"": ""Borehole/Tubewell""}}",1516.0,1431.0,,,0.943931398,4.77,300.0,1992,53.3708921,True,404599,False,1,Kenya,Borehole,Piped pumping scheme,Yes- functional and in use,Migori,NYATIKE,Macalder/Kanyarwanda,Project management committee,,"No, the water is not treated and safe for drinking",POINT (34.2467593 -1.0017652),"(-1.0017652°, 34.2467593°)",https://catalog.waterpointdata.org/datafiles/usaid-kiwash-kenya-2021-6372a622.csv,"#status_id, #orig_lnk",1,2022-11-14T20:33:38.000,2022-11-14T20:33:38.000,,USAID_KIWASH_Kenya_2021
652901,Evidence Action,-1.1001778,34.3703294,2023-03-10T00:00:00.000,Yes,Borehole/Tubewell,Well,Public Tapstand,Public Tapstand,Improved,Kenya,KEN,Migori,Suna West,Wasimbete,,2012.0,,,,Community Management,Non-Functional,,,,Unacceptable quality,10340971,,6GCPV9XC+W4H,,,https://api.mwater.co/v3/images/4b392558f792441eb3ee0911c0ef05ca,KE,https://catalog.waterpointdata.org/datasets/evidence-action-kenya-2023-2024-66217272,64529.0385,1620.3513,26.82539265,65008.20171,11338.66708,"{""2021-01-28"": {""photo_lnk"": ""https://api.mwater.co/v3/images/4b392558f792441eb3ee0911c0ef05ca"", ""source"": ""USAID/KEA KIWASH"", ""status_id"": ""Yes"", ""water_source_clean"": ""Borehole/Tubewell"", ""water_tech_clean"": ""Public Tapstand""}, ""2023-03-10"": {""photo_lnk"": ""https://api.mwater.co/v3/images/4b392558f792441eb3ee0911c0ef05ca"", ""source"": ""Evidence Action"", ""status_id"": ""Yes"", ""water_source_clean"": ""Borehole/Tubewell"", ""water_tech_clean"": ""Public Tapstand""}}",1465.0,538.0,,,0.367235495,1.793333333,300.0,1227,67.92496216,True,402378,False,2,Kenya,Borehole,"KIOSK, public tap",Yes- functional and in use,Migori,Suna West,Wasweta_2,Project management committee,,"No, the water is not treated and safe for drinking",POINT (34.3703294 -1.1001778),"(-1.1001778°, 34.3703294°)",https://catalog.waterpointdata.org/datafiles/evidence-action-kenya-2023-2024-66217272.xlsx,"#status_id, #orig_lnk",1,2024-04-18T19:20:18.000,2024-04-18T19:20:18.000,,Evidence Action_Kenya_2023-2024
176536,USAID/KEA KIWASH,-1.0928021,34.4671722,2021-02-04T00:00:00.000,Yes,Borehole/Tubewell,Well,,,Improved,Kenya,KEN,Migori,Suna West,Ragana-Oruba,,2018.0,Community Based Organization/ Self-Help Group/ Faith Based Organization /NGO,,,Community Management,"Functional, not in use",,,,Unacceptable quality,Migori_enumerator-96Q2WQ,,6GCPWF48+VVG,,,https://api.mwater.co/v3/images/3665946d47bf4cd294ef3abf1f0bceea,KE,https://catalog.waterpointdata.org/datasets/usaid-kiwash-kenya-2021-6372a622,56632.99714,837.9198774,1627.281413,57545.01083,2897.988452,"{""2021-02-04"": {""photo_lnk"": ""https://api.mwater.co/v3/images/3665946d47bf4cd294ef3abf1f0bceea"", ""source"": ""USAID/KEA KIWASH"", ""status_id"": ""Yes"", ""water_source_clean"": ""Borehole/Tubewell""}}",5143.0,946.0,,,0.183939335,3.153333333,300.0,1991,53.38771796,True,405604,False,2,Kenya,Borehole,Piped pumping scheme,Yes- functional and in use,Migori,SUNA WEST,Oruba Ragana,Project management committee,,"No, the water is not treated and safe for drinking",POINT (34.4671722 -1.0928021),"(-1.0928021°, 34.4671722°)",https://catalog.waterpointdata.org/datafiles/usaid-kiwash-kenya-2021-6372a622.csv,"#status_id, #orig_lnk",1,2022-11-14T20:33:38.000,2022-11-14T20:33:38.000,,USAID_KIWASH_Kenya_2021
641052,Evidence Action,-1.2356756,34.47314453,2024-01-17T00:00:00.000,Yes,Protected Well,Well,Motorized Pump - Electric,Motorized Pump,Improved,Kenya,KEN,Migori,Kuria West,Isibania,,,,,,,Non-Functional,,,,,10321133,,6GCPQF7F+P7C,,,,KE,https://catalog.waterpointdata.org/datasets/evidence-action-kenya-2023-2024-66217272,69142.29124,1008.199378,528.5385887,70683.50338,849.4053386,"{""2024-01-17"": {""source"": ""Evidence Action"", ""status_id"": ""Yes"", ""water_source_clean"": ""Protected Well"", ""water_tech_clean"": ""Motorized Pump - Electric""}}",9841.0,3717.0,,,0.377705518,12.39,300.0,914,74.96829775,True,433148,False,1,Kenya,Protected Spring (not powered by solar/electricity),,,Migori,Kuria West,Nyamaraga,,,,POINT (34.47314453125 -1.2356756),"(-1.2356756°, 34.47314453125°)",https://catalog.waterpointdata.org/datafiles/evidence-action-kenya-2023-2024-66217272.xlsx,,1,2024-04-18T19:20:18.000,2024-04-18T19:20:18.000,,Evidence Action_Kenya_2023-2024
289291,USAID/KEA KIWASH,-0.933445,34.49916,2021-02-05T00:00:00.000,Yes,Protected Well,Well,Public Tapstand,Public Tapstand,Improved,Kenya,KEN,Migori,Uriri,Central Kanyamkago,,1992.0,,,,Community Management,"Functional, needs repair",,,,Unacceptable quality,Migori_enumerator-96SMTW,,6GFP3F8X+JMF,,,https://api.mwater.co/v3/images/0aeccf5e0b24455787410dedb11b30d6,KE,https://catalog.waterpointdata.org/datasets/usaid-kiwash-kenya-2021-6372a622,41245.35953,16952.29794,711.6794662,41790.76037,4589.33138,"{""2021-02-05"": {""photo_lnk"": ""https://api.mwater.co/v3/images/0aeccf5e0b24455787410dedb11b30d6"", ""source"": ""USAID/KEA KIWASH"", ""status_id"": ""Yes"", ""water_source_clean"": ""Protected Well"", ""water_tech_clean"": ""Public Tapstand""}}",1692.0,889.0,,,0.525413712,2.963333333,300.0,1990,53.40454912,True,406371,False,1,Kenya,Protected spring,"KIOSK, public tap",Partially- functional but needs repairs,Migori,URIRI,Central Kanyamkago,Project management committee,,"No, the water is not treated and safe for drinking",POINT (34.49916 -0.933445),"(-0.933445°, 34.49916°)",https://catalog.waterpointdata.org/datafiles/usaid-kiwash-kenya-2021-6372a622.csv,"#status_id, #orig_lnk",1,2022-11-14T20:33:38.000,2022-11-14T20:33:38.000,,USAID_KIWASH_Kenya_2021
652903,Evidence Action,-1.0938902,34.3808177,2023-03-10T00:00:00.000,Yes,Borehole/Tubewell,Well,Public Tapstand,Public Tapstand,Improved,Kenya,KEN,Migori,Suna West,Wasweta Ii,,2001.0,,,,Community Management,Non-Functional,,,,Unacceptable quality,10340973,,6GCPW94J+F87,,,https://api.mwater.co/v3/images/14545a352afe425bb44791081c766116,KE,https://catalog.waterpointdata.org/datasets/evidence-action-kenya-2023-2024-66217272,63235.96062,1622.435779,845.9501463,63705.3223,10013.08297,"{""2021-01-28"": {""photo_lnk"": ""https://api.mwater.co/v3/images/14545a352afe425bb44791081c766116"", ""source"": ""USAID/KEA KIWASH"", ""status_id"": ""Yes"", ""water_source_clean"": ""Borehole/Tubewell"", ""water_tech_clean"": ""Public Tapstand""}, ""2023-03-10"": {""photo_lnk"": ""https://api.mwater.co/v3/images/14545a352afe425bb44791081c766116"", ""source"": ""Evidence Action"", ""status_id"": ""Yes"", ""water_source_clean"": ""Borehole/Tubewell"", ""water_tech_clean"": ""Public Tapstand""}}",1085.0,306.0,,,0.28202765,1.02,300.0,1227,67.92496216,True,402374,False,2,Kenya,Borehole,"KIOSK, public tap",Yes- functional and in use,Migori,Suna West,Wasweta_2,Project management committee,,"No, the water is not treated and safe for drinking",POINT (34.3808177 -1.0938902),"(-1.0938902°, 34.3808177°)",https://catalog.waterpointdata.org/datafiles/evidence-action-kenya-2023-2024-66217272.xlsx,"#status_id, #orig_lnk",1,2024-04-18T19:20:18.000,2024-04-18T19:20:18.000,,Evidence Action_Kenya_2023-2024
103315,USAID/KEA KIWASH,-1.2676283,34.6332117,2021-01-27T00:00:00.000,Yes,Borehole/Tubewell,Well,Public Tapstand,Public Tapstand,Improved,Kenya,KEN,Migori,Kuria East,Nyabasi West,,2020.0,Community Based Organization/ Self-Help Group/ Faith Based Organization /NGO,,,Community Management,"Functional, not in use",,,,Unacceptable quality,Migori_enumerator-96355L,,6GCPPJJM+W7W,,,https://api.mwater.co/v3/images/027620d291d4405e9e17581b22e89e35,KE,https://catalog.waterpointdata.org/datasets/usaid-kiwash-kenya-2021-6372a622,63410.9927,6331.709514,661.4802022,67822.49113,8248.694637,"{""2021-01-27"": {""photo_lnk"": ""https://api.mwater.co/v3/images/027620d291d4405e9e17581b22e89e35"", ""source"": ""USAID/KEA KIWASH"", ""status_id"": ""Yes"", ""water_source_clean"": ""Borehole/Tubewell"", ""water_tech_clean"": ""Public Tapstand""}}",1472.0,1085.0,,,0.737092391,3.616666667,300.0,1999,53.25325946,True,402027,False,1,Kenya,Borehole,"KIOSK, public tap",Yes- functional and in use,Migori,KURIA EAST,Nyabasi West,Project management committee,,"No, the water is not treated and safe for drinking",POINT (34.6332117 -1.2676283),"(-1.2676283°, 34.6332117°)",https://catalog.waterpointdata.org/datafiles/usaid-kiwash-kenya-2021-6372a622.csv,"#status_id, #orig_lnk",1,2022-11-14T20:33:38.000,2022-11-14T20:33:38.000,,USAID_KIWASH_Kenya_2021
799248,Evidence Action,-1.173845681,34.47227008,2014-08-27T00:00:00.000,Yes,Protected Well,Well,,,Improved,Kenya,KEN,Migori,Kuria West,Tagare,,,,,,,Non-Functional,,,,,,,6GCPRFGC+FW6,Kembesa Spring,,,KE,https://catalog.waterpointdata.org/datasets/evidence-action-kenya-wpdx-reingestion-5f74c47f,63457.90813,6189.722415,435.901985,64754.45519,7391.173343,"{""2014-08-27"": {""source"": ""Evidence Action"", ""status_id"": ""Yes"", ""water_source_clean"": ""Protected Well""}}",1525.0,482.0,,,0.316065574,1.606666667,300.0,4344,25.42884286,True,139796,False,1,Kenya,Protected Spring,,,,,,,,,POINT (34.472270076 -1.1738456805),"(-1.1738456805°, 34.472270076°)",https://catalog.waterpointdata.org/datafiles/evidence-action-kenya-wpdx-reingestion-5f74c47f.xlsx,,1,2020-09-30T17:46:39.000,2020-09-30T17:46:39.000,,Evidence Action_Kenya_2012-2016
103477,USAID/KEA KIWASH,-1.0577714,34.320376,2021-02-02T00:00:00.000,Yes,Undefined Well,Well,Public Tapstand,Public Tapstand,Improved,Kenya,KEN,Migori,Suna West,Wiga,,2016.0,Society,,,Community Management,"Functional, not in use",,,,Acceptable quality,Migori_enumerator-96JXNW,,6GCPW8RC+V48,Calvary Legion Borehole,,https://api.mwater.co/v3/images/d5d86fee8a2444bdb50499ba004f9438,KE,https://catalog.waterpointdata.org/datasets/usaid-kiwash-kenya-2021-6372a622,65108.12659,3726.716686,21.10291576,65759.15007,16304.07126,"{""2014-03-27"": {""source"": ""Evidence Action"", ""status_id"": ""Yes"", ""water_source_clean"": ""Borehole/Tubewell""}, ""2021-02-02"": {""photo_lnk"": ""https://api.mwater.co/v3/images/d5d86fee8a2444bdb50499ba004f9438"", ""source"": ""USAID/KEA KIWASH"", ""status_id"": ""Yes"", ""water_source_clean"": ""Undefined Well"", ""water_tech_clean"": ""Public Tapstand""}}",1239.0,697.0,,,0.562550444,2.323333333,300.0,1993,53.35407154,True,131731,False,2,Kenya,Protected hand dug/ shallow well,"KIOSK, public tap",Yes- functional and in use,Migori,SUNA WEST,Wiga,Project management committee,,"Yes, the water is treated and safe for drinking",POINT (34.320376 -1.0577714),"(-1.0577714°, 34.320376°)",https://catalog.waterpointdata.org/datafiles/usaid-kiwash-kenya-2021-6372a622.csv,"#status_id, #orig_lnk",1,2022-11-14T20:33:38.000,2022-11-14T20:33:38.000,,USAID_KIWASH_Kenya_2021
642559,Evidence Action,-0.946668327,34.43911743,2023-06-12T00:00:00.000,Yes,Borehole/Tubewell,Well,,,Improved,Kenya,KEN,Migori,Uriri,West Kanyamkago,,,,,,,Non-Functional,,,,,10340824,,6GFP3C3Q+8J2,,,,KE,https://catalog.waterpointdata.org/datasets/evidence-action-kenya-2023-2024-66217272,47066.06154,12008.69072,18.7881118,47731.87004,11159.6006,"{""2023-04-12"": {""source"": ""Evidence Action"", ""status_id"": ""Yes"", ""water_source_clean"": ""Borehole/Tubewell""}, ""2023-06-12"": {""source"": ""Evidence Action"", ""status_id"": ""Yes"", ""water_source_clean"": ""Borehole/Tubewell""}}",1547.0,291.0,,,0.188106012,0.97,300.0,1133,69.96769519,True,425449,False,2,Kenya,Borehole,,,Migori,Uriri,Kajulu 1B,,,,POINT (34.439117431640625 -0.9466683268547058),"(-0.9466683268547058°, 34.439117431640625°)",https://catalog.waterpointdata.org/datafiles/evidence-action-kenya-2023-2024-66217272.xlsx,,1,2024-04-18T19:20:18.000,2024-04-18T19:20:18.000,,Evidence Action_Kenya_2023-2024
642012,Evidence Action,-1.201894999,34.50966263,2023-11-16T00:00:00.000,Yes,Protected Well,Well,Motorized Pump - Electric,Motorized Pump,Improved,Kenya,KEN,Migori,Kuria West,Makerero,,,,,,Other,Non-Functional,,,,Acceptable quality,10340236,,6GCPQGX5+7V5,Kemogesi Protected Spring,,https://api.mwater.co/v3/images/f85868ad4eb74815a7c3316c9d1e99a0,KE,https://catalog.waterpointdata.org/datasets/evidence-action-kenya-2023-2024-66217272,63824.78548,5941.098461,2134.921461,65509.13195,5441.321154,"{""2014-08-26"": {""source"": ""Evidence Action"", ""status_id"": ""Yes"", ""water_source_clean"": ""Protected Well""}, ""2021-02-05"": {""photo_lnk"": ""https://api.mwater.co/v3/images/f85868ad4eb74815a7c3316c9d1e99a0"", ""source"": ""USAID/KEA KIWASH"", ""status_id"": ""Yes"", ""water_source_clean"": ""Protected Well"", ""water_tech_clean"": ""Public Tapstand""}, ""2023-11-16"": {""photo_lnk"": ""https://api.mwater.co/v3/images/f85868ad4eb74815a7c3316c9d1e99a0"", ""source"": ""Evidence Action"", ""status_id"": ""Yes"", ""water_source_clean"": ""Protected Well"", ""water_tech_clean"": ""Motorized Pump - Electric""}}",2723.0,590.0,,,0.216672787,1.966666667,300.0,976,73.51739976,True,139571,False,3,Kenya,Protected Spring (not powered by solar/electricity),"KIOSK, public tap",Yes- functional and in use,Migori,Kuria West,Nyabikaye,Other (please specify),,"Yes, the water is treated and safe for drinking",POINT (34.50966262817383 -1.201894998550415),"(-1.201894998550415°, 34.50966262817383°)",https://catalog.waterpointdata.org/datafiles/evidence-action-kenya-2023-2024-66217272.xlsx,"#status_id, #orig_lnk",1,2024-04-18T19:20:18.000,2024-04-18T19:20:18.000,,Evidence Action_Kenya_2023-2024
800072,Evidence Action,-1.189766396,34.4896771,2014-05-09T00:00:00.000,Yes,Protected Well,Well,,,Improved,Kenya,KEN,Migori,Kuria West,Tagare,,,,,,,Non-Functional,,,,,,,6GCPRF6Q+3VV,Ke Magaria Spring,,,KE,https://catalog.waterpointdata.org/datasets/evidence-action-kenya-wpdx-reingestion-5f74c47f,63858.39606,6264.686893,187.1904053,65336.87704,5709.937432,"{""2014-05-09"": {""source"": ""Evidence Action"", ""status_id"": ""Yes"", ""water_source_clean"": ""Protected Well""}}",1727.0,311.0,,,0.180081065,1.036666667,300.0,4454,24.56224786,True,132583,False,1,Kenya,Protected Spring,,,,,,,,,POINT (34.4896771002 -1.1897663959),"(-1.1897663959°, 34.4896771002°)",https://catalog.waterpointdata.org/datafiles/evidence-action-kenya-wpdx-reingestion-5f74c47f.xlsx,,1,2020-09-30T17:46:39.000,2020-09-30T17:46:39.000,,Evidence Action_Kenya_2012-2016
103556,USAID/KEA KIWASH,-1.0045553,34.3089331,2021-02-03T00:00:00.000,Yes,Borehole/Tubewell,Well,,,Improved,Kenya,KEN,Migori,Nyatike,Macalder/Kanyarwanda,,2019.0,Community Based Organization/ Self-Help Group/ Faith Based Organization /NGO,,,Community Management,"Functional, not in use",,,,Unacceptable quality,Migori_enumerator-96MJ5Y,,6GCPX8W5+5HF,,,https://api.mwater.co/v3/images/19d6e4c3f9c84ae5b9c9577898c12c7a,KE,https://catalog.waterpointdata.org/datasets/usaid-kiwash-kenya-2021-6372a622,62328.04888,1708.21538,34.42229942,63103.31539,18841.97056,"{""2021-02-03"": {""photo_lnk"": ""https://api.mwater.co/v3/images/19d6e4c3f9c84ae5b9c9577898c12c7a"", ""source"": ""USAID/KEA KIWASH"", ""status_id"": ""Yes"", ""water_source_clean"": ""Borehole/Tubewell""}}",1514.0,958.0,,,0.632760898,3.193333333,300.0,1992,53.3708921,True,404878,False,1,Kenya,Borehole,Piped pumping scheme,Yes- functional and in use,Migori,NYATIKE,Macalder/Kanyarwanda,Project management committee,,"No, the water is not treated and safe for drinking",POINT (34.3089331 -1.0045553),"(-1.0045553°, 34.3089331°)",https://catalog.waterpointdata.org/datafiles/usaid-kiwash-kenya-2021-6372a622.csv,"#status_id, #orig_lnk",1,2022-11-14T20:33:38.000,2022-11-14T20:33:38.000,,USAID_KIWASH_Kenya_2021
652792,Evidence Action,-1.1696751,34.5661673,2023-03-10T00:00:00.000,Yes,Borehole/Tubewell,Well,,,Improved,Kenya,KEN,Migori,Kuria West,Masaba,,,,,,,Non-Functional,,,,,10321241,,6GCPRHJ8+4FF,,,,KE,https://catalog.waterpointdata.org/datasets/evidence-action-kenya-2023-2024-66217272,57327.39859,3111.178747,2100.874699,59695.58463,6211.612352,"{""2023-03-10"": {""source"": ""Evidence Action"", ""status_id"": ""Yes"", ""water_source_clean"": ""Borehole/Tubewell""}}",1343.0,828.0,,,0.616530156,2.76,300.0,1227,67.92496216,True,424957,False,1,Kenya,Borehole,,,Migori,Kuria West,Kurutiange,,,,POINT (34.5661673 -1.1696751),"(-1.1696751°, 34.5661673°)",https://catalog.waterpointdata.org/datafiles/evidence-action-kenya-2023-2024-66217272.xlsx,,1,2024-04-18T19:20:18.000,2024-04-18T19:20:18.000,,Evidence Action_Kenya_2023-2024
642068,Evidence Action,-0.96706003,34.48178864,2023-11-24T00:00:00.000,Yes,Protected Well,Well,Motorized Pump - Electric,Motorized Pump,Improved,Kenya,KEN,Migori,Uriri,Central Kanyamkago,,,,,,,Non-Functional,,,,,10340307,,6GFP2FMJ+5PF,,,,KE,https://catalog.waterpointdata.org/datasets/evidence-action-kenya-2023-2024-66217272,45286.45099,12818.41785,824.6024356,45789.60304,8576.826408,"{""2023-11-24"": {""source"": ""Evidence Action"", ""status_id"": ""Yes"", ""water_source_clean"": ""Protected Well"", ""water_tech_clean"": ""Motorized Pump - Electric""}}",1205.0,798.0,,,0.662240664,2.66,300.0,968,73.70302294,True,431239,False,1,Kenya,Protected Spring (not powered by solar/electricity),,,Migori,Uriri,Kawere 2B,,,,POINT (34.481788635253906 -0.9670600295066833),"(-0.9670600295066833°, 34.481788635253906°)",https://catalog.waterpointdata.org/datafiles/evidence-action-kenya-2023-2024-66217272.xlsx,,1,2024-04-18T19:20:18.000,2024-04-18T19:20:18.000,,Evidence Action_Kenya_2023-2024
103292,USAID/KEA KIWASH,-1.148045,34.4596933,2021-01-28T00:00:00.000,Yes,Protected Well,Well,Hand Pump,Hand Pump,Improved,Kenya,KEN,Migori,Kuria West,Tagare,,2009.0,Community Based Organization/ Self-Help Group/ Faith Based Organization /NGO,,,Community Management,"Functional, needs repair",,,,Unacceptable quality,Migori_enumerator-966FUL,,6GCPVF25+QVP,,,https://api.mwater.co/v3/images/4866c43efbf941f2bc78d0d7780e7332,KE,https://catalog.waterpointdata.org/datasets/usaid-kiwash-kenya-2021-6372a622,61950.38888,4348.577898,1182.796585,63064.12063,9038.503584,"{""2021-01-28"": {""photo_lnk"": ""https://api.mwater.co/v3/images/4866c43efbf941f2bc78d0d7780e7332"", ""source"": ""USAID/KEA KIWASH"", ""status_id"": ""Yes"", ""water_source_clean"": ""Protected Well"", ""water_tech_clean"": ""Hand Pump""}}",1333.0,673.0,,,0.504876219,2.243333333,300.0,1998,53.27004823,True,402392,False,1,Kenya,Protected hand dug/ shallow well,Piped gravity scheme,Partially- functional but needs repairs,Migori,KURIA WEST,Tagare,Project management committee,,"No, the water is not treated and safe for drinking",POINT (34.4596933 -1.148045),"(-1.148045°, 34.4596933°)",https://catalog.waterpointdata.org/datafiles/usaid-kiwash-kenya-2021-6372a622.csv,"#status_id, #orig_lnk",1,2022-11-14T20:33:38.000,2022-11-14T20:33:38.000,,USAID_KIWASH_Kenya_2021
103329,USAID/KEA KIWASH,-1.0141433,34.487194,2021-01-29T00:00:00.000,Yes,Protected Well,Well,Public Tapstand,Public Tapstand,Improved,Kenya,KEN,Migori,Suna East,Kakrao,,1990.0,,,,Other,"Functional, not in use",,,,Acceptable quality,Migori_enumerator-968QBZ,,6GCPXFPP+9VM,,,https://api.mwater.co/v3/images/63f7ac6dca51455486881bccf3135c47,KE,https://catalog.waterpointdata.org/datasets/usaid-kiwash-kenya-2021-6372a622,48666.8983,8612.509632,541.6384542,49280.14404,6236.851702,"{""2021-01-28"": {""photo_lnk"": ""https://api.mwater.co/v3/images/a7e4fb009eaf4187912e054aa3fce1fa"", ""source"": ""USAID/KEA KIWASH"", ""status_id"": ""Yes"", ""water_source_clean"": ""Protected Well"", ""water_tech_clean"": ""Public Tapstand""}, ""2021-01-29"": {""photo_lnk"": ""https://api.mwater.co/v3/images/63f7ac6dca51455486881bccf3135c47"", ""source"": ""USAID/KEA KIWASH"", ""status_id"": ""Yes"", ""water_source_clean"": ""Protected Well"", ""water_tech_clean"": ""Public Tapstand""}}",2599.0,301.0,,,0.115813775,1.003333333,300.0,1997,53.2868423,True,402407,False,2,Kenya,Protected spring,"KIOSK, public tap",Yes- functional and in use,Migori,SUNA EAST,Kakrao,Other (please specify),,"Yes, the water is treated and safe for drinking",POINT (34.487194 -1.0141433),"(-1.0141433°, 34.487194°)",https://catalog.waterpointdata.org/datafiles/usaid-kiwash-kenya-2021-6372a622.csv,"#status_id, #orig_lnk",1,2022-11-14T20:33:38.000,2022-11-14T20:33:38.000,,USAID_KIWASH_Kenya_2021
642261,Evidence Action,-1.103795052,34.59641266,2023-12-15T00:00:00.000,Yes,Protected Well,Well,Motorized Pump - Electric,Motorized Pump,Improved,Kenya,KEN,Migori,Kuria West,Masaba,,,,,,,Non-Functional,,,,,10340500,,6GCPVHWW+FHM,,,,KE,https://catalog.waterpointdata.org/datasets/evidence-action-kenya-2023-2024-66217272,49399.52507,4571.817455,57.1052912,51681.13484,10325.53121,"{""2023-12-15"": {""source"": ""Evidence Action"", ""status_id"": ""Yes"", ""water_source_clean"": ""Protected Well"", ""water_tech_clean"": ""Motorized Pump - Electric""}}",1329.0,817.0,,,0.614747931,2.723333333,300.0,947,74.19251672,True,432342,False,1,Kenya,Protected Spring (not powered by solar/electricity),,,Migori,Kuria West,Sagegi,,,,POINT (34.596412658691406 -1.103795051574707),"(-1.103795051574707°, 34.596412658691406°)",https://catalog.waterpointdata.org/datafiles/evidence-action-kenya-2023-2024-66217272.xlsx,,1,2024-04-18T19:20:18.000,2024-04-18T19:20:18.000,,Evidence Action_Kenya_2023-2024
797146,Evidence Action,-1.240155059,34.58164706,2014-08-25T00:00:00.000,Yes,Borehole/Tubewell,Well,,,Improved,Kenya,KEN,Migori,Kuria East,Gokeharaka/Getambwega,,,,,,,Non-Functional,,,,,,,6GCPQH5J+WMJ,Chacha Maroa Bore Hole,,,KE,https://catalog.waterpointdata.org/datasets/evidence-action-kenya-wpdx-reingestion-5f74c47f,63174.96078,5326.387773,2178.44134,66423.79291,6277.647427,"{""2014-08-25"": {""source"": ""Evidence Action"", ""status_id"": ""Yes"", ""water_source_clean"": ""Borehole/Tubewell""}}",2117.0,246.0,,,0.116202173,0.82,300.0,4346,25.4128169,True,139482,False,1,Kenya,Borehole,,,,,,,,,POINT (34.5816470599 -1.2401550588),"(-1.2401550588°, 34.5816470599°)",https://catalog.waterpointdata.org/datafiles/evidence-action-kenya-wpdx-reingestion-5f74c47f.xlsx,,1,2020-09-30T17:46:39.000,2020-09-30T17:46:39.000,,Evidence Action_Kenya_2012-2016
642293,Evidence Action,-0.913103342,34.45865631,2024-12-01T00:00:00.000,Yes,Protected Well,Well,Motorized Pump - Electric,Motorized Pump,Improved,Kenya,KEN,Migori,Uriri,Central Kanyamkago,,,,,,,Non-Functional,,,,,10340539,,6GFP3FP5+QF3,,,,KE,https://catalog.waterpointdata.org/datasets/evidence-action-kenya-2023-2024-66217272,42991.71714,16308.77596,893.9174743,43705.17683,8152.092969,"{""2024-12-01"": {""source"": ""Evidence Action"", ""status_id"": ""Yes"", ""water_source_clean"": ""Protected Well"", ""water_tech_clean"": ""Motorized Pump - Electric""}}",2059.0,178.0,,,0.086449733,0.593333333,300.0,595,82.89861343,True,438094,False,1,Kenya,Protected Spring (not powered by solar/electricity),,,Migori,Uriri,Katieno 1,,,,POINT (34.458656311035156 -0.9131033420562744),"(-0.9131033420562744°, 34.458656311035156°)",https://catalog.waterpointdata.org/datafiles/evidence-action-kenya-2023-2024-66217272.xlsx,,1,2024-04-18T19:20:18.000,2024-04-18T19:20:18.000,,Evidence Action_Kenya_2023-2024
640768,Evidence Action,-1.317554951,34.61215591,2023-12-12T00:00:00.000,Yes,Protected Well,Well,Motorized Pump - Electric,Motorized Pump,Improved,Kenya,KEN,Migori,Kuria East,Nyabasi West,,,,,,,Non-Functional,,,,,10320704,,6GCPMJJ6+XVC,,,,KE,https://catalog.waterpointdata.org/datasets/evidence-action-kenya-2023-2024-66217272,69407.25385,2421.607286,871.685365,73732.10409,13548.89578,"{""2023-12-12"": {""source"": ""Evidence Action"", ""status_id"": ""Yes"", ""water_source_clean"": ""Protected Well"", ""water_tech_clean"": ""Motorized Pump - Electric""}}",1636.0,306.0,,,0.187041565,1.02,300.0,950,74.1223905,True,432100,False,1,Kenya,Protected Spring (not powered by solar/electricity),,,Migori,Kuria East,Kegonche,,,,POINT (34.61215591430664 -1.3175549507141113),"(-1.3175549507141113°, 34.61215591430664°)",https://catalog.waterpointdata.org/datafiles/evidence-action-kenya-2023-2024-66217272.xlsx,,1,2024-04-18T19:20:18.000,2024-04-18T19:20:18.000,,Evidence Action_Kenya_2023-2024
640722,Evidence Action,-1.374565005,34.71991348,2023-11-23T00:00:00.000,Yes,Borehole/Tubewell,Well,,,Improved,Kenya,KEN,Migori,Kuria East,Ntimaru West,,,,,,,Non-Functional,,,,,10320648,,6GCPJPG9+5XF,,,,KE,https://catalog.waterpointdata.org/datasets/evidence-action-kenya-2023-2024-66217272,70445.63,2100.666972,4673.902306,78153.96645,22973.01038,"{""2023-11-23"": {""source"": ""Evidence Action"", ""status_id"": ""Yes"", ""water_source_clean"": ""Borehole/Tubewell""}}",3210.0,528.0,,,0.164485981,1.76,300.0,969,73.67979443,True,431001,False,1,Kenya,Borehole,,,Migori,Kuria East,Gwitembe,,,,POINT (34.719913482666016 -1.3745650053024292),"(-1.3745650053024292°, 34.719913482666016°)",https://catalog.waterpointdata.org/datafiles/evidence-action-kenya-2023-2024-66217272.xlsx,,1,2024-04-18T19:20:18.000,2024-04-18T19:20:18.000,,Evidence Action_Kenya_2023-2024
639739,Evidence Action,-0.913954973,34.53210068,2023-10-11T00:00:00.000,Yes,Protected Well,Well,Motorized Pump - Electric,Motorized Pump,Improved,Kenya,KEN,Migori,Awendo,South Sakwa,,,,,,,Non-Functional,,,,,10310490,,6GFP3GPJ+CVV,,,,KE,https://catalog.waterpointdata.org/datasets/evidence-action-kenya-2023-2024-66217272,37175.82062,18648.8782,376.9419916,37675.53797,661.9049127,"{""2023-07-11"": {""source"": ""Evidence Action"", ""status_id"": ""Yes"", ""water_source_clean"": ""Protected Well"", ""water_tech_clean"": ""Motorized Pump - Electric""}, ""2023-10-11"": {""source"": ""Evidence Action"", ""status_id"": ""Yes"", ""water_source_clean"": ""Protected Well"", ""water_tech_clean"": ""Motorized Pump - Electric""}}",5436.0,386.0,,,0.071008094,1.286666667,300.0,1012,72.68786376,True,427071,False,2,Kenya,Protected Spring (not powered by solar/electricity),,,Migori,Awendo,West Alego,,,,POINT (34.532100677490234 -0.9139549732208252),"(-0.9139549732208252°, 34.532100677490234°)",https://catalog.waterpointdata.org/datafiles/evidence-action-kenya-2023-2024-66217272.xlsx,,1,2024-04-18T19:20:18.000,2024-04-18T19:20:18.000,,Evidence Action_Kenya_2023-2024
639660,Evidence Action,-0.858888328,34.52404022,2023-04-12T00:00:00.000,Yes,Protected Well,Well,Motorized Pump - Electric,Motorized Pump,Improved,Kenya,KEN,Migori,Awendo,Central Sakwa,,,,,,,Non-Functional,,,,,10310392,,6GFP4GRF+GJM,Karangili Spring,,,KE,https://catalog.waterpointdata.org/datasets/evidence-action-kenya-2023-2024-66217272,33563.39908,13925.59717,1070.06645,34279.98652,5495.312477,"{""2014-02-04"": {""source"": ""Evidence Action"", ""status_id"": ""Yes"", ""water_source_clean"": ""Protected Well""}, ""2023-04-12"": {""source"": ""Evidence Action"", ""status_id"": ""Yes"", ""water_source_clean"": ""Protected Well"", ""water_tech_clean"": ""Motorized Pump - Electric""}}",2223.0,1431.0,,,0.643724696,4.77,300.0,1194,68.63520761,True,128333,False,2,Kenya,Protected Spring (not powered by solar/electricity),,,Migori,Awendo,South Kanyamgony,,,,POINT (34.52404022216797 -0.8588883280754089),"(-0.8588883280754089°, 34.52404022216797°)",https://catalog.waterpointdata.org/datafiles/evidence-action-kenya-2023-2024-66217272.xlsx,,1,2024-04-18T19:20:18.000,2024-04-18T19:20:18.000,,Evidence Action_Kenya_2023-2024
641062,Evidence Action,-1.252001643,34.50976944,2023-05-12T00:00:00.000,Yes,Protected Well,Well,Motorized Pump - Electric,Motorized Pump,Improved,Kenya,KEN,Migori,Kuria West,Makerero,,,,,,,Non-Functional,,,,,10321150,,6GCPPGX5+6V2,Komeswa Spring,,,KE,https://catalog.waterpointdata.org/datasets/evidence-action-kenya-2023-2024-66217272,68381.78984,167.8851293,2330.473851,70531.59068,3636.727113,"{""2014-09-16"": {""source"": ""Evidence Action"", ""status_id"": ""Yes"", ""water_source_clean"": ""Protected Well""}, ""2023-05-12"": {""source"": ""Evidence Action"", ""status_id"": ""Yes"", ""water_source_clean"": ""Protected Well"", ""water_tech_clean"": ""Motorized Pump - Electric""}}",2232.0,1585.0,,,0.710125448,5.283333333,300.0,1164,69.28732779,True,144551,False,2,Kenya,Protected Spring (not powered by solar/electricity),,,Migori,Kuria West,Nyametaburo,,,,POINT (34.509769439697266 -1.2520016431808472),"(-1.2520016431808472°, 34.509769439697266°)",https://catalog.waterpointdata.org/datafiles/evidence-action-kenya-2023-2024-66217272.xlsx,,1,2024-04-18T19:20:18.000,2024-04-18T19:20:18.000,,Evidence Action_Kenya_2023-2024
639775,Evidence Action,-0.981455028,34.5810318,2024-09-01T00:00:00.000,Yes,Protected Well,Well,Motorized Pump - Electric,Motorized Pump,Improved,Kenya,KEN,Migori,Awendo,South Sakwa,,,,,,,Non-Functional,,,,,10310533,,6GFP2H9J+CC7,,,,KE,https://catalog.waterpointdata.org/datasets/evidence-action-kenya-2023-2024-66217272,39110.37703,16002.08398,126.9915227,40282.49822,9804.584175,"{""2024-09-01"": {""source"": ""Evidence Action"", ""status_id"": ""Yes"", ""water_source_clean"": ""Protected Well"", ""water_tech_clean"": ""Motorized Pump - Electric""}}",1146.0,225.0,,,0.196335079,0.75,300.0,686,80.55449691,True,436741,False,1,Kenya,Protected Spring (not powered by solar/electricity),,,Migori,Awendo,East_Alego,,,,POINT (34.581031799316406 -0.9814550280570984),"(-0.9814550280570984°, 34.581031799316406°)",https://catalog.waterpointdata.org/datafiles/evidence-action-kenya-2023-2024-66217272.xlsx,,1,2024-04-18T19:20:18.000,2024-04-18T19:20:18.000,,Evidence Action_Kenya_2023-2024
639909,Evidence Action,-0.91700834,34.5949173,2023-11-16T00:00:00.000,Yes,Protected Well,Well,Motorized Pump - Electric,Motorized Pump,Improved,Kenya,KEN,Migori,Rongo,South Kamagambo,,,,,,,Non-Functional,,,,,10310681,,6GFP3HMV+5XV,,,,KE,https://catalog.waterpointdata.org/datasets/evidence-action-kenya-2023-2024-66217272,32627.0345,16517.75903,19.6285094,33463.91051,7104.67485,"{""2023-11-16"": {""source"": ""Evidence Action"", ""status_id"": ""Yes"", ""water_source_clean"": ""Protected Well"", ""water_tech_clean"": ""Motorized Pump - Electric""}}",1155.0,946.0,,,0.819047619,3.153333333,300.0,976,73.51739976,True,429847,False,1,Kenya,Protected Spring (not powered by solar/electricity),,,Migori,Rongo,Kanyimach,,,,POINT (34.59491729736328 -0.9170083403587341),"(-0.9170083403587341°, 34.59491729736328°)",https://catalog.waterpointdata.org/datafiles/evidence-action-kenya-2023-2024-66217272.xlsx,,1,2024-04-18T19:20:18.000,2024-04-18T19:20:18.000,,Evidence Action_Kenya_2023-2024
642003,Evidence Action,-1.228899956,34.48585129,2023-11-16T00:00:00.000,Yes,Borehole/Tubewell,Well,,,Improved,Kenya,KEN,Migori,Kuria West,Isibania,,,,,,,Non-Functional,,,,,10340226,,6GCPQFCP+C8P,Fred Borehole,,,KE,https://catalog.waterpointdata.org/datasets/evidence-action-kenya-2023-2024-66217272,67771.75186,2078.493603,706.4962998,69369.47145,1462.633736,"{""2014-02-09"": {""source"": ""Evidence Action"", ""status_id"": ""Yes"", ""water_source_clean"": ""Borehole/Tubewell""}, ""2023-11-16"": {""source"": ""Evidence Action"", ""status_id"": ""Yes"", ""water_source_clean"": ""Borehole/Tubewell""}}",24906.0,4595.0,,,0.184493696,15.31666667,300.0,976,73.51739976,True,128910,False,2,Kenya,Borehole,,,Migori,Kuria West,Nyabikaye,,,,POINT (34.4858512878418 -1.2288999557495117),"(-1.2288999557495117°, 34.4858512878418°)",https://catalog.waterpointdata.org/datafiles/evidence-action-kenya-2023-2024-66217272.xlsx,,1,2024-04-18T19:20:18.000,2024-04-18T19:20:18.000,,Evidence Action_Kenya_2023-2024
103520,USAID/KEA KIWASH,-1.115629,34.52882,2021-02-01T00:00:00.000,Yes,Borehole/Tubewell,Well,,,Improved,Kenya,KEN,Migori,Kuria West,Masaba,,,Community Based Organization/ Self-Help Group/ Faith Based Organization /NGO,,,Community Management,"Functional, not in use",,,,Unacceptable quality,Migori_enumerator-96GDY3,,6GCPVGMH+PGW,,,https://api.mwater.co/v3/images/78fe1d8ebee447faa0e3ff9eccd7b581,KE,https://catalog.waterpointdata.org/datasets/usaid-kiwash-kenya-2021-6372a622,54605.58493,440.3187409,849.2748784,56053.51996,8794.747328,"{""2021-02-01"": {""photo_lnk"": ""https://api.mwater.co/v3/images/78fe1d8ebee447faa0e3ff9eccd7b581"", ""source"": ""USAID/KEA KIWASH"", ""status_id"": ""Yes"", ""water_source_clean"": ""Borehole/Tubewell""}}",1964.0,1208.0,,,0.615071283,4.026666667,300.0,1994,53.33725628,True,403477,False,1,Kenya,Borehole,Piped pumping scheme,Yes- functional and in use,Migori,KURIA WEST,Masaba,Project management committee,,"No, the water is not treated and safe for drinking",POINT (34.52882 -1.115629),"(-1.115629°, 34.52882°)",https://catalog.waterpointdata.org/datafiles/usaid-kiwash-kenya-2021-6372a622.csv,"#status_id, #orig_lnk",1,2022-11-14T20:33:38.000,2022-11-14T20:33:38.000,,USAID_KIWASH_Kenya_2021
641976,Evidence Action,-1.169618368,34.53335953,2024-10-01T00:00:00.000,Yes,Protected Well,Well,Motorized Pump - Electric,Motorized Pump,Improved,Kenya,KEN,Migori,Kuria West,Bukira Centrl/Ikerege,,,,,,,Non-Functional,,,,,10340189,,6GCPRGJM+492,Komosere Protected Well,,,KE,https://catalog.waterpointdata.org/datasets/evidence-action-kenya-2023-2024-66217272,59394.02091,4953.874609,3092.226217,61156.46437,9612.953328,"{""2014-08-25"": {""source"": ""Evidence Action"", ""status_id"": ""Unknown"", ""water_source_clean"": ""Protected Well""}, ""2024-10-01"": {""source"": ""Evidence Action"", ""status_id"": ""Yes"", ""water_source_clean"": ""Protected Well"", ""water_tech_clean"": ""Motorized Pump - Electric""}}",1352.0,362.0,,,0.267751479,1.206666667,300.0,656,81.31986522,True,139496,False,2,Kenya,Protected Spring (not powered by solar/electricity),,,Migori,Kuria West,Ikerege,,,,POINT (34.53335952758789 -1.1696183681488037),"(-1.1696183681488037°, 34.53335952758789°)",https://catalog.waterpointdata.org/datafiles/evidence-action-kenya-2023-2024-66217272.xlsx,,1,2024-04-18T19:20:18.000,2024-04-18T19:20:18.000,,Evidence Action_Kenya_2023-2024
640817,Evidence Action,-1.324149966,34.70666885,2023-11-22T00:00:00.000,Yes,Borehole/Tubewell,Well,,,Improved,Kenya,KEN,Migori,Kuria East,Ntimaru East,,,,,,,Non-Functional,,,,,10320777,,6GCPMPG4+8MV,,,,KE,https://catalog.waterpointdata.org/datasets/evidence-action-kenya-2023-2024-66217272,65866.25003,6964.514406,1614.98466,72716.3901,17482.21433,"{""2023-11-22"": {""source"": ""Evidence Action"", ""status_id"": ""Yes"", ""water_source_clean"": ""Borehole/Tubewell""}}",2617.0,654.0,,,0.249904471,2.18,300.0,970,73.65657325,True,430768,False,1,Kenya,Borehole,,,Migori,Kuria East,Makonge,,,,POINT (34.706668853759766 -1.3241499662399292),"(-1.3241499662399292°, 34.706668853759766°)",https://catalog.waterpointdata.org/datafiles/evidence-action-kenya-2023-2024-66217272.xlsx,,1,2024-04-18T19:20:18.000,2024-04-18T19:20:18.000,,Evidence Action_Kenya_2023-2024
642335,Evidence Action,-0.899864614,34.45362091,2024-11-01T00:00:00.000,Yes,Borehole/Tubewell,Well,,,Improved,Kenya,KEN,Migori,Uriri,North Kanyamkago,,,,,,,Non-Functional,,,,,10340583,,6GFP4F23+3C5,,,,KE,https://catalog.waterpointdata.org/datasets/evidence-action-kenya-2023-2024-66217272,42505.41536,17356.7728,51.10457833,43269.92233,8739.086092,"{""2024-11-01"": {""source"": ""Evidence Action"", ""status_id"": ""Yes"", ""water_source_clean"": ""Borehole/Tubewell""}}",1598.0,347.0,,,0.217146433,1.156666667,300.0,625,82.11838621,True,437635,False,1,Kenya,Borehole,,,Migori,Uriri,Katieno 2,,,,POINT (34.45362091064453 -0.8998646140098572),"(-0.8998646140098572°, 34.45362091064453°)",https://catalog.waterpointdata.org/datafiles/evidence-action-kenya-2023-2024-66217272.xlsx,,1,2024-04-18T19:20:18.000,2024-04-18T19:20:18.000,,Evidence Action_Kenya_2023-2024
640968,Evidence Action,-1.284611702,34.63437653,2023-12-18T00:00:00.000,Yes,Protected Well,Well,Motorized Pump - Electric,Motorized Pump,Improved,Kenya,KEN,Migori,Kuria East,Nyabasi West,,,,,,,Non-Functional,,,,,10320997,,6GCPPJ8M+5Q2,,,,KE,https://catalog.waterpointdata.org/datasets/evidence-action-kenya-2023-2024-66217272,65077.0922,5304.778597,454.5758752,69627.514,10109.9537,"{""2023-12-18"": {""source"": ""Evidence Action"", ""status_id"": ""Yes"", ""water_source_clean"": ""Protected Well"", ""water_tech_clean"": ""Motorized Pump - Electric""}}",1865.0,1116.0,,,0.598391421,3.72,300.0,944,74.26270928,True,432451,False,1,Kenya,Protected Spring (not powered by solar/electricity),,,Migori,Kuria East,Tebesi,,,,POINT (34.634376525878906 -1.284611701965332),"(-1.284611701965332°, 34.634376525878906°)",https://catalog.waterpointdata.org/datafiles/evidence-action-kenya-2023-2024-66217272.xlsx,,1,2024-04-18T19:20:18.000,2024-04-18T19:20:18.000,,Evidence Action_Kenya_2023-2024
641879,Evidence Action,-1.128489971,34.58295822,2023-11-30T00:00:00.000,Yes,Protected Well,Well,Motorized Pump - Electric,Motorized Pump,Improved,Kenya,KEN,Migori,Kuria West,Masaba,,,,,,,Non-Functional,,,,,10340071,,6GCPVHCM+H5W,Ge Chacha Sandaria Unprotected Spring,,,KE,https://catalog.waterpointdata.org/datasets/evidence-action-kenya-2023-2024-66217272,52502.00551,1512.906048,2469.833598,54775.96256,8224.825725,"{""2014-02-09"": {""source"": ""Evidence Action"", ""status_id"": ""Yes"", ""water_source_clean"": ""Protected Well""}, ""2023-11-30"": {""source"": ""Evidence Action"", ""status_id"": ""Yes"", ""water_source_clean"": ""Protected Well"", ""water_tech_clean"": ""Motorized Pump - Electric""}}",1425.0,532.0,,,0.373333333,1.773333333,300.0,962,73.84254783,True,128901,False,2,Kenya,Protected Spring (not powered by solar/electricity),,,Migori,Kuria West,Nyamagagana,,,,POINT (34.58295822143555 -1.1284899711608887),"(-1.1284899711608887°, 34.58295822143555°)",https://catalog.waterpointdata.org/datafiles/evidence-action-kenya-2023-2024-66217272.xlsx,,1,2024-04-18T19:20:18.000,2024-04-18T19:20:18.000,,Evidence Action_Kenya_2023-2024
103444,USAID/KEA KIWASH,-1.1556941,34.5029728,2021-02-01T00:00:00.000,Yes,Protected Well,Well,,,Improved,Kenya,KEN,Migori,Kuria West,Tagare,,2006.0,Community Based Organization/ Self-Help Group/ Faith Based Organization /NGO,,,Community Management,"Functional, needs repair",,,,Unacceptable quality,Migori_enumerator-96GJZJ,,6GCPRGV3+P5H,,,https://api.mwater.co/v3/images/11092ce5961e4fd19f41288ce4ffe333,KE,https://catalog.waterpointdata.org/datasets/usaid-kiwash-kenya-2021-6372a622,59887.90587,4010.232585,409.6542237,61319.8304,9723.833189,"{""2021-02-01"": {""photo_lnk"": ""https://api.mwater.co/v3/images/11092ce5961e4fd19f41288ce4ffe333"", ""source"": ""USAID/KEA KIWASH"", ""status_id"": ""Yes"", ""water_source_clean"": ""Protected Well""}}",989.0,401.0,,,0.405460061,1.336666667,300.0,1994,53.33725628,True,403470,False,1,Kenya,Protected spring,Piped gravity scheme,Partially- functional but needs repairs,Migori,KURIA WEST,Masaba,Project management committee,,"No, the water is not treated and safe for drinking",POINT (34.5029728 -1.1556941),"(-1.1556941°, 34.5029728°)",https://catalog.waterpointdata.org/datafiles/usaid-kiwash-kenya-2021-6372a622.csv,"#status_id, #orig_lnk",1,2022-11-14T20:33:38.000,2022-11-14T20:33:38.000,,USAID_KIWASH_Kenya_2021
100600,USAID/KEA KIWASH,-1.0649304,34.4628514,2021-02-03T00:00:00.000,Yes,Undefined Well,Well,Public Tapstand,Public Tapstand,Improved,Kenya,KEN,Migori,Suna West,Ragana-Oruba,,2015.0,,,,Community Management,"Functional, needs repair",,,,Acceptable quality,Migori_enumerator-96MPMA,,6GCPWFP7+24H,,,https://api.mwater.co/v3/images/64a5e5cf68d14dbbbea3e71a8261ef9b,KE,https://catalog.waterpointdata.org/datasets/usaid-kiwash-kenya-2021-6372a622,54618.04703,2669.612469,889.5201787,55360.5111,456.2409905,"{""2021-02-03"": {""photo_lnk"": ""https://api.mwater.co/v3/images/64a5e5cf68d14dbbbea3e71a8261ef9b"", ""source"": ""USAID/KEA KIWASH"", ""status_id"": ""Yes"", ""water_source_clean"": ""Undefined Well"", ""water_tech_clean"": ""Public Tapstand""}}",13940.0,2758.0,,,0.19784792,9.193333333,300.0,1992,53.3708921,True,404611,True,1,Kenya,Protected hand dug/ shallow well,"KIOSK, public tap",Partially- functional but needs repairs,Migori,SUNA WEST,Oruba ragana,Project management committee,,"Yes, the water is treated and safe for drinking",POINT (34.4628514 -1.0649304),"(-1.0649304°, 34.4628514°)",https://catalog.waterpointdata.org/datafiles/usaid-kiwash-kenya-2021-6372a622.csv,"#status_id, #orig_lnk",1,2022-11-14T20:33:38.000,2022-11-14T20:33:38.000,,USAID_KIWASH_Kenya_2021
800159,Evidence Action,-1.233779245,34.57755477,2014-08-09T00:00:00.000,Yes,Protected Well,Well,,,Improved,Kenya,KEN,Migori,Kuria East,Gokeharaka/Getambwega,,,,,,,Non-Functional,,,,,,,6GCPQH8H+F2M,Kemokami Protected Spring,,,KE,https://catalog.waterpointdata.org/datasets/evidence-action-kenya-wpdx-reingestion-5f74c47f,62769.31294,5571.605498,2528.46268,65899.27358,6046.738793,"{""2014-08-09"": {""source"": ""Evidence Action"", ""status_id"": ""Yes"", ""water_source_clean"": ""Protected Well""}}",1971.0,279.0,,,0.141552511,0.93,300.0,4362,25.28497228,True,138112,False,1,Kenya,Protected Spring,,,,,,,,,POINT (34.5775547738 -1.2337792448),"(-1.2337792448°, 34.5775547738°)",https://catalog.waterpointdata.org/datafiles/evidence-action-kenya-wpdx-reingestion-5f74c47f.xlsx,,1,2020-09-30T17:46:39.000,2020-09-30T17:46:39.000,,Evidence Action_Kenya_2012-2016
642522,Evidence Action,-0.993928313,34.4064827,2023-05-12T00:00:00.000,Yes,Protected Well,Well,Motorized Pump - Electric,Motorized Pump,Improved,Kenya,KEN,Migori,Suna East,Kakrao,,,,,,,Non-Functional,,,,,10340779,,6GFP2C44+CHH,,,,KE,https://catalog.waterpointdata.org/datasets/evidence-action-kenya-2023-2024-66217272,53277.01994,5719.339983,176.0363328,53898.34974,10456.72712,"{""2023-05-12"": {""source"": ""Evidence Action"", ""status_id"": ""Yes"", ""water_source_clean"": ""Protected Well"", ""water_tech_clean"": ""Motorized Pump - Electric""}}",1705.0,1613.0,,,0.946041056,5.376666667,300.0,1164,69.28732779,True,425939,False,1,Kenya,Protected Spring (not powered by solar/electricity),,,Migori,Uriri,Kajulu 1,,,,POINT (34.4064826965332 -0.9939283132553101),"(-0.9939283132553101°, 34.4064826965332°)",https://catalog.waterpointdata.org/datafiles/evidence-action-kenya-2023-2024-66217272.xlsx,,1,2024-04-18T19:20:18.000,2024-04-18T19:20:18.000,,Evidence Action_Kenya_2023-2024
103319,USAID/KEA KIWASH,-1.069964,34.4400506,2021-01-29T00:00:00.000,Yes,Undefined Well,Well,Public Tapstand,Public Tapstand,Improved,Kenya,KEN,Migori,Suna East,Kakrao,,2014.0,,,,Other,"Functional, not in use",,,,Unacceptable quality,Migori_enumerator-968MD3,,6GCPWCJR+227,,,https://api.mwater.co/v3/images/8085a5c521924a9f8bbc885994c22377,KE,https://catalog.waterpointdata.org/datasets/usaid-kiwash-kenya-2021-6372a622,56753.00557,733.6482967,2655.841566,57380.37316,2978.275667,"{""2021-01-29"": {""photo_lnk"": ""https://api.mwater.co/v3/images/8085a5c521924a9f8bbc885994c22377"", ""source"": ""USAID/KEA KIWASH"", ""status_id"": ""Yes"", ""water_source_clean"": ""Undefined Well"", ""water_tech_clean"": ""Public Tapstand""}}",6978.0,4438.0,,,0.635998854,14.79333333,300.0,1997,53.2868423,True,402894,False,1,Kenya,Protected hand dug/ shallow well,"KIOSK, public tap",Yes- functional and in use,Migori,SUNA EAST,Kakrao,Other (please specify),,"No, the water is not treated and safe for drinking",POINT (34.4400506 -1.069964),"(-1.069964°, 34.4400506°)",https://catalog.waterpointdata.org/datafiles/usaid-kiwash-kenya-2021-6372a622.csv,"#status_id, #orig_lnk",1,2022-11-14T20:33:38.000,2022-11-14T20:33:38.000,,USAID_KIWASH_Kenya_2021
641944,Evidence Action,-1.163481712,34.40647888,2023-12-21T00:00:00.000,Yes,Borehole/Tubewell,Well,,,Improved,Kenya,KEN,Migori,Kuria West,Nyamosense/Komosoko,,,,,,,Non-Functional,,,,,10340151,,6GCPRCP4+JH5,,,,KE,https://catalog.waterpointdata.org/datasets/evidence-action-kenya-2023-2024-66217272,66961.48601,6419.324414,2290.816113,67838.10706,11736.13521,"{""2023-12-21"": {""source"": ""Evidence Action"", ""status_id"": ""Yes"", ""water_source_clean"": ""Borehole/Tubewell""}}",799.0,619.0,,,0.774718398,2.063333333,300.0,941,74.33296825,True,432581,False,1,Kenya,Borehole,,,Migori,Kuria West,Ngochoni,,,,POINT (34.40647888183594 -1.1634817123413086),"(-1.1634817123413086°, 34.40647888183594°)",https://catalog.waterpointdata.org/datafiles/evidence-action-kenya-2023-2024-66217272.xlsx,,1,2024-04-18T19:20:18.000,2024-04-18T19:20:18.000,,Evidence Action_Kenya_2023-2024
103504,USAID/KEA KIWASH,-1.033492,34.3500187,2021-02-02T00:00:00.000,Yes,Borehole/Tubewell,Well,,,Improved,Kenya,KEN,Migori,Suna West,Wiga,,2019.0,Company,,,Private Operator/Delegated Management,"Functional, not in use",,,,Unacceptable quality,Migori_enumerator-96LDU2,,6GCPX982+J22,,,https://api.mwater.co/v3/images/12bf38f5da664a0fa7a1efb93f705633,KE,https://catalog.waterpointdata.org/datasets/usaid-kiwash-kenya-2021-6372a622,60860.50626,28.44066467,1218.102661,61507.32111,13482.16605,"{""2021-02-02"": {""photo_lnk"": ""https://api.mwater.co/v3/images/12bf38f5da664a0fa7a1efb93f705633"", ""source"": ""USAID/KEA KIWASH"", ""status_id"": ""Yes"", ""water_source_clean"": ""Borehole/Tubewell""}}",1237.0,321.0,,,0.259498787,1.07,300.0,1993,53.35407154,True,404063,False,1,Kenya,Borehole,Piped pumping scheme,Yes- functional and in use,Migori,SUNA WEST,Wiga,Private operator/ professional manager,,"No, the water is not treated and safe for drinking",POINT (34.3500187 -1.033492),"(-1.033492°, 34.3500187°)",https://catalog.waterpointdata.org/datafiles/usaid-kiwash-kenya-2021-6372a622.csv,"#status_id, #orig_lnk",1,2022-11-14T20:33:38.000,2022-11-14T20:33:38.000,,USAID_KIWASH_Kenya_2021
640844,Evidence Action,-1.340445042,34.6986618,2023-11-23T00:00:00.000,Yes,Borehole/Tubewell,Well,,,Improved,Kenya,KEN,Migori,Kuria East,Ntimaru East,,,,,,,Non-Functional,,,,,10320821,,6GCPMM5X+QCW,Renchage Borehole,,,KE,https://catalog.waterpointdata.org/datasets/evidence-action-kenya-2023-2024-66217272,67874.96411,5061.638678,1772.696998,74597.15888,18523.02093,"{""2014-08-29"": {""source"": ""Evidence Action"", ""status_id"": ""Yes"", ""water_source_clean"": ""Borehole/Tubewell""}, ""2023-11-23"": {""source"": ""Evidence Action"", ""status_id"": ""Yes"", ""water_source_clean"": ""Borehole/Tubewell""}}",3258.0,779.0,,,0.239103745,2.596666667,300.0,969,73.67979443,True,140280,False,2,Kenya,Borehole,,,Migori,Kuria East,Ntimaru,,,,POINT (34.69866180419922 -1.3404450416564941),"(-1.3404450416564941°, 34.69866180419922°)",https://catalog.waterpointdata.org/datafiles/evidence-action-kenya-2023-2024-66217272.xlsx,,1,2024-04-18T19:20:18.000,2024-04-18T19:20:18.000,,Evidence Action_Kenya_2023-2024
652912,Evidence Action,-1.075509,34.5836997,2023-08-11T00:00:00.000,Yes,Protected Well,Well,Motorized Pump - Electric,Motorized Pump,Improved,Kenya,KEN,Migori,Suna East,Kwa,,,,,,,Non-Functional,,,,,10341012,,6GCPWHFM+QFW,,,,KE,https://catalog.waterpointdata.org/datasets/evidence-action-kenya-2023-2024-66217272,47633.69735,6612.960409,172.041587,49358.43837,13070.40266,"{""2023-08-11"": {""source"": ""Evidence Action"", ""status_id"": ""Yes"", ""water_source_clean"": ""Protected Well"", ""water_tech_clean"": ""Motorized Pump - Electric""}}",2260.0,1067.0,,,0.472123894,3.556666667,300.0,1073,71.3035724,True,427711,False,1,Kenya,Protected Spring (not powered by solar/electricity),,,Migori,Suna East,Kwa,,,,POINT (34.5836997 -1.075509),"(-1.075509°, 34.5836997°)",https://catalog.waterpointdata.org/datafiles/evidence-action-kenya-2023-2024-66217272.xlsx,,1,2024-04-18T19:20:18.000,2024-04-18T19:20:18.000,,Evidence Action_Kenya_2023-2024
642023,Evidence Action,-0.917904973,34.45213699,2023-08-11T00:00:00.000,Yes,Protected Well,Well,Motorized Pump - Electric,Motorized Pump,Improved,Kenya,KEN,Migori,Uriri,Central Kanyamkago,,,,,,,Non-Functional,,,,,10340265,,6GFP3FJ2+RVJ,,,,KE,https://catalog.waterpointdata.org/datasets/evidence-action-kenya-2023-2024-66217272,43888.90516,15496.98045,1649.237756,44603.86219,8925.733384,"{""2023-08-11"": {""source"": ""Evidence Action"", ""status_id"": ""Yes"", ""water_source_clean"": ""Protected Well"", ""water_tech_clean"": ""Motorized Pump - Electric""}}",1447.0,223.0,,,0.154111956,0.743333333,300.0,1073,71.3035724,True,427626,False,1,Kenya,Protected Spring (not powered by solar/electricity),,,Migori,Uriri,Central Kawere Rateng,,,,POINT (34.4521369934082 -0.9179049730300903),"(-0.9179049730300903°, 34.4521369934082°)",https://catalog.waterpointdata.org/datafiles/evidence-action-kenya-2023-2024-66217272.xlsx,,1,2024-04-18T19:20:18.000,2024-04-18T19:20:18.000,,Evidence Action_Kenya_2023-2024
640532,Evidence Action,-1.084141612,34.50362396,2023-11-15T00:00:00.000,Yes,Protected Well,Well,Motorized Pump - Electric,Motorized Pump,Improved,Kenya,KEN,Migori,Suna East,Suna Central,,,,,,,Non-Functional,,,,,10320400,,6GCPWG83+8CX,,,,KE,https://catalog.waterpointdata.org/datasets/evidence-action-kenya-2023-2024-66217272,53363.64266,3131.767159,285.4325193,54475.79926,4554.448534,"{""2023-11-15"": {""source"": ""Evidence Action"", ""status_id"": ""Yes"", ""water_source_clean"": ""Protected Well"", ""water_tech_clean"": ""Motorized Pump - Electric""}}",2080.0,534.0,,,0.256730769,1.78,300.0,977,73.49422976,True,429609,False,1,Kenya,Protected Spring (not powered by solar/electricity),,,Migori,Suna West,Ngege,,,,POINT (34.503623962402344 -1.0841416120529175),"(-1.0841416120529175°, 34.503623962402344°)",https://catalog.waterpointdata.org/datafiles/evidence-action-kenya-2023-2024-66217272.xlsx,,1,2024-04-18T19:20:18.000,2024-04-18T19:20:18.000,,Evidence Action_Kenya_2023-2024
99968,USAID/KEA KIWASH,-0.8813714,34.2787951,2021-02-01T00:00:00.000,Yes,Borehole/Tubewell,Well,,,Improved,Kenya,KEN,Migori,Nyatike,North Kadem,,2018.0,,,,Community Management,"Functional, not in use",,,,Unacceptable quality,Migori_enumerator-96GQBM,,6GFP479H+FG3,,,https://api.mwater.co/v3/images/d5352181f06a4481a46af8aba7bda7ab,KE,https://catalog.waterpointdata.org/datasets/usaid-kiwash-kenya-2021-6372a622,58186.76782,10351.62208,217.0066479,59262.41374,29265.12081,"{""2021-02-01"": {""photo_lnk"": ""https://api.mwater.co/v3/images/d5352181f06a4481a46af8aba7bda7ab"", ""source"": ""USAID/KEA KIWASH"", ""status_id"": ""Yes"", ""water_source_clean"": ""Borehole/Tubewell""}}",880.0,880.0,,,1.0,2.933333333,300.0,1994,53.33725628,True,403193,False,1,Kenya,Borehole,Piped pumping scheme,Yes- functional and in use,Migori,NYATIKE,North Kadem,Project management committee,,"No, the water is not treated and safe for drinking",POINT (34.2787951 -0.8813714),"(-0.8813714°, 34.2787951°)",https://catalog.waterpointdata.org/datafiles/usaid-kiwash-kenya-2021-6372a622.csv,"#status_id, #orig_lnk",1,2022-11-14T20:33:38.000,2022-11-14T20:33:38.000,,USAID_KIWASH_Kenya_2021
296101,USAID/KEA KIWASH,-1.1528889,34.4417077,2021-01-29T00:00:00.000,Yes,Protected Well,Well,Public Tapstand,Public Tapstand,Improved,Kenya,KEN,Migori,Kuria West,Tagare,,2019.0,Community Based Organization/ Self-Help Group/ Faith Based Organization /NGO,,,Community Management,"Functional, not in use",,,,Unacceptable quality,Migori_enumerator-968EK7,,6GCPRCWR+RMW,,,https://api.mwater.co/v3/images/59f92a4944bf4374a748d0932c32d377,KE,https://catalog.waterpointdata.org/datasets/usaid-kiwash-kenya-2021-6372a622,63589.06323,6047.784121,1574.768068,64617.18302,9935.456056,"{""2021-01-29"": {""photo_lnk"": ""https://api.mwater.co/v3/images/59f92a4944bf4374a748d0932c32d377"", ""source"": ""USAID/KEA KIWASH"", ""status_id"": ""Yes"", ""water_source_clean"": ""Protected Well"", ""water_tech_clean"": ""Public Tapstand""}}",2005.0,312.0,,,0.155610973,1.04,300.0,1997,53.2868423,True,402918,False,1,Kenya,Protected spring,"KIOSK, public tap",Yes- functional and in use,Migori,KURIA WEST,Nyamosense/Komosoko,Project management committee,,"No, the water is not treated and safe for drinking",POINT (34.4417077 -1.1528889),"(-1.1528889°, 34.4417077°)",https://catalog.waterpointdata.org/datafiles/usaid-kiwash-kenya-2021-6372a622.csv,"#status_id, #orig_lnk",1,2022-11-14T20:33:38.000,2022-11-14T20:33:38.000,,USAID_KIWASH_Kenya_2021
800512,Evidence Action,-1.200139074,34.59501054,2014-09-13T00:00:00.000,Yes,Protected Well,Well,,,Improved,Kenya,KEN,Migori,Kuria West,Bukira East,,,,,,,Non-Functional,,,,,,,6GCPQHXW+W2R,Ke Lucas Protected Spring,,,KE,https://catalog.waterpointdata.org/datasets/evidence-action-kenya-wpdx-reingestion-5f74c47f,58573.42328,5171.889229,1682.297746,61755.85521,2395.953108,"{""2014-09-13"": {""source"": ""Evidence Action"", ""status_id"": ""Yes"", ""water_source_clean"": ""Protected Well""}}",1209.0,267.0,,,0.220843672,0.89,300.0,4327,25.56547222,True,143839,False,1,Kenya,Protected Spring,,,,,,,,,POINT (34.5950105417 -1.2001390739),"(-1.2001390739°, 34.5950105417°)",https://catalog.waterpointdata.org/datafiles/evidence-action-kenya-wpdx-reingestion-5f74c47f.xlsx,,1,2020-09-30T17:46:39.000,2020-09-30T17:46:39.000,,Evidence Action_Kenya_2012-2016
779864,Evidence Action,-1.028768505,34.45762305,2014-03-20T00:00:00.000,Yes,Protected Well,Well,,,Improved,Kenya,KEN,Migori,Suna East,Kakrao,,,,,,,Non-Functional,,,,,,,6GCPXFC5+F2X,Kabuya Spring,,,KE,https://catalog.waterpointdata.org/datasets/evidence-action-kenya-wpdx-reingestion-5f74c47f,52134.82437,5632.673955,389.0406798,52639.12024,4300.870463,"{""2014-03-20"": {""source"": ""Evidence Action"", ""status_id"": ""Yes"", ""water_source_clean"": ""Protected Well""}}",2338.0,1546.0,,,0.661248931,5.153333333,300.0,4504,24.17816528,True,131476,False,1,Kenya,Protected Spring,,,,,,,,,POINT (34.457623045 -1.0287685047),"(-1.0287685047°, 34.457623045°)",https://catalog.waterpointdata.org/datafiles/evidence-action-kenya-wpdx-reingestion-5f74c47f.xlsx,,1,2020-09-30T17:46:39.000,2020-09-30T17:46:39.000,,Evidence Action_Kenya_2012-2016
652908,Evidence Action,-1.0523813,34.5588842,2023-03-11T00:00:00.000,Yes,Protected Well,Well,Motorized Pump - Electric,Motorized Pump,Improved,Kenya,KEN,Migori,Suna East,God Jope,,,,,,,Non-Functional,,,,,10340998,,6GCPWHX5+2HR,,,,KE,https://catalog.waterpointdata.org/datasets/evidence-action-kenya-2023-2024-66217272,46929.05163,7787.146131,1075.775343,48311.04603,10390.92495,"{""2023-03-11"": {""source"": ""Evidence Action"", ""status_id"": ""Yes"", ""water_source_clean"": ""Protected Well"", ""water_tech_clean"": ""Motorized Pump - Electric""}}",1517.0,390.0,,,0.257086355,1.3,300.0,1226,67.94637637,True,425101,False,1,Kenya,Protected Spring (not powered by solar/electricity),,,Migori,Suna East,Manyatta,,,,POINT (34.5588842 -1.0523813),"(-1.0523813°, 34.5588842°)",https://catalog.waterpointdata.org/datafiles/evidence-action-kenya-2023-2024-66217272.xlsx,,1,2024-04-18T19:20:18.000,2024-04-18T19:20:18.000,,Evidence Action_Kenya_2023-2024
799165,Evidence Action,-1.194013069,34.61521115,2014-08-27T00:00:00.000,Yes,Protected Well,Well,,,Improved,Kenya,KEN,Migori,Kuria West,Bukira East,,,,,,,Non-Functional,,,,,,,6GCPRJ48+93W,Kechanyakega,,,KE,https://catalog.waterpointdata.org/datasets/evidence-action-kenya-wpdx-reingestion-5f74c47f,56924.64814,3760.008076,287.0163545,60442.63687,143.6863474,"{""2014-08-27"": {""source"": ""Evidence Action"", ""status_id"": ""Yes"", ""water_source_clean"": ""Protected Well""}}",5839.0,513.0,,,0.08785751,1.71,300.0,4344,25.42884286,True,139761,False,1,Kenya,Protected Spring,,,,,,,,,POINT (34.6152111481 -1.1940130685),"(-1.1940130685°, 34.6152111481°)",https://catalog.waterpointdata.org/datafiles/evidence-action-kenya-wpdx-reingestion-5f74c47f.xlsx,,1,2020-09-30T17:46:39.000,2020-09-30T17:46:39.000,,Evidence Action_Kenya_2012-2016
103412,USAID/KEA KIWASH,-1.1220967,34.4924335,2021-02-01T00:00:00.000,Yes,Undefined Well,Well,Public Tapstand,Public Tapstand,Improved,Kenya,KEN,Migori,Kuria West,Masaba,,,,,,Community Management,"Functional, needs repair",,,,Unacceptable quality,Migori_enumerator-96GKSF,,6GCPVFHR+5X7,,,https://api.mwater.co/v3/images/5561eabb2baa4676b36ebdc672540ef7,KE,https://catalog.waterpointdata.org/datasets/usaid-kiwash-kenya-2021-6372a622,57484.92671,116.0742003,64.93093614,58693.66725,6776.730126,"{""2021-02-01"": {""photo_lnk"": ""https://api.mwater.co/v3/images/5561eabb2baa4676b36ebdc672540ef7"", ""source"": ""USAID/KEA KIWASH"", ""status_id"": ""Yes"", ""water_source_clean"": ""Undefined Well"", ""water_tech_clean"": ""Public Tapstand""}}",739.0,333.0,,,0.450608931,1.11,300.0,1994,53.33725628,True,403464,False,1,Kenya,Protected hand dug/ shallow well,"KIOSK, public tap",Partially- functional but needs repairs,Migori,KURIA WEST,Masaba,Project management committee,,"No, the water is not treated and safe for drinking",POINT (34.4924335 -1.1220967),"(-1.1220967°, 34.4924335°)",https://catalog.waterpointdata.org/datafiles/usaid-kiwash-kenya-2021-6372a622.csv,"#status_id, #orig_lnk",1,2022-11-14T20:33:38.000,2022-11-14T20:33:38.000,,USAID_KIWASH_Kenya_2021
640737,Evidence Action,-1.191203356,34.60486221,2023-10-19T00:00:00.000,Yes,Protected Well,Well,Motorized Pump - Electric,Motorized Pump,Improved,Kenya,KEN,Migori,Kuria West,Bukira East,,,,,,,Non-Functional,,,,,10320661,,6GCPRJ53+FWH,Kerario Protected Spring,,,KE,https://catalog.waterpointdata.org/datasets/evidence-action-kenya-2023-2024-66217272,57182.79756,3844.097736,787.8011982,60479.91506,1305.833691,"{""2014-02-09"": {""source"": ""Evidence Action"", ""status_id"": ""Yes"", ""water_source_clean"": ""Protected Well""}, ""2023-10-19"": {""source"": ""Evidence Action"", ""status_id"": ""Yes"", ""water_source_clean"": ""Protected Well"", ""water_tech_clean"": ""Motorized Pump - Electric""}}",3079.0,779.0,,,0.253004222,2.596666667,300.0,1004,72.87139245,True,128900,False,2,Kenya,Protected Spring (not powered by solar/electricity),,,Migori,Kuria West,Igena,,,,POINT (34.604862213134766 -1.1912033557891846),"(-1.1912033557891846°, 34.604862213134766°)",https://catalog.waterpointdata.org/datafiles/evidence-action-kenya-2023-2024-66217272.xlsx,,1,2024-04-18T19:20:18.000,2024-04-18T19:20:18.000,,Evidence Action_Kenya_2023-2024
641853,Evidence Action,-1.200935006,34.51485443,2023-11-28T00:00:00.000,Yes,Protected Well,Well,Motorized Pump - Electric,Motorized Pump,Improved,Kenya,KEN,Migori,Kuria West,Makerero,,,,,,,Non-Functional,,,,,10340043,,6GCPQGX7+JWH,,,,KE,https://catalog.waterpointdata.org/datasets/evidence-action-kenya-2023-2024-66217272,63407.01528,6199.036957,2623.628371,65168.21504,5890.136909,"{""2023-11-28"": {""source"": ""Evidence Action"", ""status_id"": ""Yes"", ""water_source_clean"": ""Protected Well"", ""water_tech_clean"": ""Motorized Pump - Electric""}}",2047.0,657.0,,,0.320957499,2.19,300.0,964,73.79601021,True,431622,False,1,Kenya,Protected Spring (not powered by solar/electricity),,,Migori,Kuria West,Nyankore,,,,POINT (34.514854431152344 -1.2009350061416626),"(-1.2009350061416626°, 34.514854431152344°)",https://catalog.waterpointdata.org/datafiles/evidence-action-kenya-2023-2024-66217272.xlsx,,1,2024-04-18T19:20:18.000,2024-04-18T19:20:18.000,,Evidence Action_Kenya_2023-2024
640848,Evidence Action,-1.247748375,34.61745453,2023-06-12T00:00:00.000,Yes,Protected Well,Well,Motorized Pump - Electric,Motorized Pump,Improved,Kenya,KEN,Migori,Kuria East,Nyabasi West,,,,,,,Non-Functional,,,,,10320828,,6GCPQJ28+WX4,,,,KE,https://catalog.waterpointdata.org/datasets/evidence-action-kenya-2023-2024-66217272,62151.98464,7049.35637,1147.604847,66102.41908,5825.910182,"{""2023-06-12"": {""source"": ""Evidence Action"", ""status_id"": ""Yes"", ""water_source_clean"": ""Protected Well"", ""water_tech_clean"": ""Motorized Pump - Electric""}}",1889.0,290.0,,,0.153520381,0.966666667,300.0,1133,69.96769519,True,426566,False,1,Kenya,Protected Spring (not powered by solar/electricity),,,Migori,Kuria East,Nyabikongori,,,,POINT (34.617454528808594 -1.2477483749389648),"(-1.2477483749389648°, 34.617454528808594°)",https://catalog.waterpointdata.org/datafiles/evidence-action-kenya-2023-2024-66217272.xlsx,,1,2024-04-18T19:20:18.000,2024-04-18T19:20:18.000,,Evidence Action_Kenya_2023-2024
779615,Evidence Action,-1.051621976,34.52072916,2014-03-19T00:00:00.000,Yes,Protected Well,Well,,,Improved,Kenya,KEN,Migori,Suna East,God Jope,,,,,,,Non-Functional,,,,,,,6GCPWGXC+975,Kamakori Spring,,,KE,https://catalog.waterpointdata.org/datasets/evidence-action-kenya-wpdx-reingestion-5f74c47f,49350.5018,6815.27669,191.7010651,50422.24983,6248.110693,"{""2014-03-19"": {""source"": ""Evidence Action"", ""status_id"": ""Yes"", ""water_source_clean"": ""Protected Well""}}",2306.0,301.0,,,0.130529055,1.003333333,300.0,4505,24.1705452,True,131444,False,1,Kenya,Protected Spring,,,,,,,,,POINT (34.5207291649 -1.0516219759),"(-1.0516219759°, 34.5207291649°)",https://catalog.waterpointdata.org/datafiles/evidence-action-kenya-wpdx-reingestion-5f74c47f.xlsx,,1,2020-09-30T17:46:39.000,2020-09-30T17:46:39.000,,Evidence Action_Kenya_2012-2016
295705,USAID/KEA KIWASH,-0.9063761,34.5307529,2021-02-08T00:00:00.000,Yes,Undefined Well,Well,Public Tapstand,Public Tapstand,Improved,Kenya,KEN,Migori,Awendo,South Sakwa,,1995.0,,,,Community Management,"Functional, not in use",,,,Unacceptable quality,Migori_enumerator-972XW9,,6GFP3GVJ+C8R,,,https://api.mwater.co/v3/images/abd585f3b9824340b5a0b570f36d626e,KE,https://catalog.waterpointdata.org/datasets/usaid-kiwash-kenya-2021-6372a622,36656.45902,17959.55172,186.3465533,37184.97599,207.5751753,"{""2021-02-08"": {""photo_lnk"": ""https://api.mwater.co/v3/images/abd585f3b9824340b5a0b570f36d626e"", ""source"": ""USAID/KEA KIWASH"", ""status_id"": ""Yes"", ""water_source_clean"": ""Undefined Well"", ""water_tech_clean"": ""Public Tapstand""}}",7156.0,664.0,,,0.092789268,2.213333333,300.0,1987,53.45507446,True,406953,False,1,Kenya,Protected hand dug/ shallow well,"KIOSK, public tap",Yes- functional and in use,Migori,AWENDO,Central Sakwa,Project management committee,,"No, the water is not treated and safe for drinking",POINT (34.5307529 -0.9063761),"(-0.9063761°, 34.5307529°)",https://catalog.waterpointdata.org/datafiles/usaid-kiwash-kenya-2021-6372a622.csv,"#status_id, #orig_lnk",1,2022-11-14T20:33:38.000,2022-11-14T20:33:38.000,,USAID_KIWASH_Kenya_2021
642017,Evidence Action,-1.215463281,34.48997116,2024-01-15T00:00:00.000,Yes,Protected Well,Well,Motorized Pump - Electric,Motorized Pump,Improved,Kenya,KEN,Migori,Kuria West,Makerero,,,,,,,Non-Functional,,,,,10340242,,6GCPQFMQ+RX9,,,,KE,https://catalog.waterpointdata.org/datasets/evidence-action-kenya-2023-2024-66217272,66260.77905,3605.755278,1686.867733,67837.53183,2997.734872,"{""2024-01-15"": {""source"": ""Evidence Action"", ""status_id"": ""Yes"", ""water_source_clean"": ""Protected Well"", ""water_tech_clean"": ""Motorized Pump - Electric""}}",2831.0,921.0,,,0.32532674,3.07,300.0,916,74.92105066,True,432836,False,1,Kenya,Protected Spring (not powered by solar/electricity),,,Migori,Kuria West,Nyabikaye,,,,POINT (34.48997116088867 -1.2154632806777954),"(-1.2154632806777954°, 34.48997116088867°)",https://catalog.waterpointdata.org/datafiles/evidence-action-kenya-2023-2024-66217272.xlsx,,1,2024-04-18T19:20:18.000,2024-04-18T19:20:18.000,,Evidence Action_Kenya_2023-2024
777036,Evidence Action,-1.103458206,34.60936062,2014-10-03T00:00:00.000,Yes,Protected Well,Well,,,Improved,Kenya,KEN,Migori,Suna East,Kwa,,,,,,,Non-Functional,,,,,,,6GCPVJW5+JP9,Kobingo Protected Spring,,,KE,https://catalog.waterpointdata.org/datasets/evidence-action-kenya-wpdx-reingestion-5f74c47f,48568.35237,5301.566191,414.0933606,51131.74803,10157.82562,"{""2014-10-03"": {""source"": ""Evidence Action"", ""status_id"": ""Yes"", ""water_source_clean"": ""Protected Well""}}",2249.0,702.0,,,0.312138728,2.34,300.0,4307,25.72715281,True,148266,False,1,Kenya,Protected Spring,,,,,,,,,POINT (34.6093606213 -1.103458206),"(-1.103458206°, 34.6093606213°)",https://catalog.waterpointdata.org/datafiles/evidence-action-kenya-wpdx-reingestion-5f74c47f.xlsx,,1,2020-09-30T17:46:39.000,2020-09-30T17:46:39.000,,Evidence Action_Kenya_2012-2016
639703,Evidence Action,-0.952663362,34.5477066,2023-11-30T00:00:00.000,Yes,Protected Well,Well,Motorized Pump - Electric,Motorized Pump,Improved,Kenya,KEN,Migori,Awendo,South Sakwa,,,,,,,Non-Functional,,,,,10310441,,6GFP2GWX+W3P,,,,KE,https://catalog.waterpointdata.org/datasets/evidence-action-kenya-2023-2024-66217272,39097.73882,18125.18555,491.4085759,39763.12577,5251.366044,"{""2023-11-30"": {""source"": ""Evidence Action"", ""status_id"": ""Yes"", ""water_source_clean"": ""Protected Well"", ""water_tech_clean"": ""Motorized Pump - Electric""}}",1540.0,1226.0,,,0.796103896,4.086666667,300.0,962,73.84254783,True,431977,False,1,Kenya,Protected Spring (not powered by solar/electricity),,,Migori,Awendo,Waundha,,,,POINT (34.547706604003906 -0.9526633620262146),"(-0.9526633620262146°, 34.547706604003906°)",https://catalog.waterpointdata.org/datafiles/evidence-action-kenya-2023-2024-66217272.xlsx,,1,2024-04-18T19:20:18.000,2024-04-18T19:20:18.000,,Evidence Action_Kenya_2023-2024
295704,USAID/KEA KIWASH,-1.1080709,34.4493836,2021-02-08T00:00:00.000,Yes,Undefined Well,Well,Public Tapstand,Public Tapstand,Improved,Kenya,KEN,Migori,Suna West,Wasweta Ii,,2020.0,,,,Community Management,"Functional, needs repair",,,,Unacceptable quality,Migori_enumerator-96T2D4,,6GCPVCRX+QQC,,,https://api.mwater.co/v3/images/4ba7d2e86c7f4f7699cb71f3e8e57363,KE,https://catalog.waterpointdata.org/datasets/usaid-kiwash-kenya-2021-6372a622,59198.22183,1556.465811,1164.700737,60073.19648,4969.884621,"{""2021-02-08"": {""photo_lnk"": ""https://api.mwater.co/v3/images/4ba7d2e86c7f4f7699cb71f3e8e57363"", ""source"": ""USAID/KEA KIWASH"", ""status_id"": ""Yes"", ""water_source_clean"": ""Undefined Well"", ""water_tech_clean"": ""Public Tapstand""}}",2473.0,653.0,,,0.264051759,2.176666667,300.0,1987,53.45507446,True,406952,False,1,Kenya,Protected hand dug/ shallow well,"KIOSK, public tap",Partially- functional but needs repairs,Migori,SUNA WEST,Wasweta II,Project management committee,,"No, the water is not treated and safe for drinking",POINT (34.4493836 -1.1080709),"(-1.1080709°, 34.4493836°)",https://catalog.waterpointdata.org/datafiles/usaid-kiwash-kenya-2021-6372a622.csv,"#status_id, #orig_lnk",1,2022-11-14T20:33:38.000,2022-11-14T20:33:38.000,,USAID_KIWASH_Kenya_2021
103213,USAID/KEA KIWASH,-1.1246991,34.3965327,2021-01-27T00:00:00.000,Yes,Borehole/Tubewell,Well,Public Tapstand,Public Tapstand,Improved,Kenya,KEN,Migori,Suna West,Wasweta Ii,,2012.0,,,,Community Management,"Functional, not in use",,,,Acceptable quality,Migori_enumerator-963K8H,,6GCPV9GW+4H8,Kadaniel/Komwono/Kamin Anna Borehole,,https://api.mwater.co/v3/images/b71eb0cb52d0467891e2da33615326c8,KE,https://catalog.waterpointdata.org/datasets/usaid-kiwash-kenya-2021-6372a622,64484.60269,2185.86718,704.5562272,65136.46194,10109.67449,"{""2014-03-26"": {""source"": ""Evidence Action"", ""status_id"": ""Yes"", ""water_source_clean"": ""Borehole/Tubewell""}, ""2021-01-27"": {""photo_lnk"": ""https://api.mwater.co/v3/images/b71eb0cb52d0467891e2da33615326c8"", ""source"": ""USAID/KEA KIWASH"", ""status_id"": ""Yes"", ""water_source_clean"": ""Borehole/Tubewell"", ""water_tech_clean"": ""Public Tapstand""}}",1211.0,385.0,,,0.317919075,1.283333333,300.0,1999,53.25325946,True,131699,False,2,Kenya,Borehole,"KIOSK, public tap",Yes- functional and in use,Migori,SUNA WEST,Wasweta II,Project management committee,,"Yes, the water is treated and safe for drinking",POINT (34.3965327 -1.1246991),"(-1.1246991°, 34.3965327°)",https://catalog.waterpointdata.org/datafiles/usaid-kiwash-kenya-2021-6372a622.csv,"#status_id, #orig_lnk",1,2022-11-14T20:33:38.000,2022-11-14T20:33:38.000,,USAID_KIWASH_Kenya_2021
640744,Evidence Action,-1.253441121,34.57424403,2023-06-12T00:00:00.000,Yes,Protected Well,Well,Motorized Pump - Electric,Motorized Pump,Improved,Kenya,KEN,Migori,Kuria East,Gokeharaka/Getambwega,,,,,,,Non-Functional,,,,,10320672,,6GCPPHWF+JMH,Mbusiro Protected Spring,,,KE,https://catalog.waterpointdata.org/datasets/evidence-action-kenya-2023-2024-66217272,64858.87517,3651.89201,3173.046508,68077.39499,7948.544714,"{""2014-05-09"": {""source"": ""Evidence Action"", ""status_id"": ""Yes"", ""water_source_clean"": ""Protected Well""}, ""2023-06-12"": {""source"": ""Evidence Action"", ""status_id"": ""Yes"", ""water_source_clean"": ""Protected Well"", ""water_tech_clean"": ""Motorized Pump - Electric""}}",2100.0,315.0,,,0.15,1.05,300.0,1133,69.96769519,True,132574,False,2,Kenya,Protected Spring (not powered by solar/electricity),,,Migori,Kuria West,Ihore,,,,POINT (34.5742440284 -1.2534411213),"(-1.2534411213°, 34.5742440284°)",https://catalog.waterpointdata.org/datafiles/evidence-action-kenya-2023-2024-66217272.xlsx,,1,2024-04-18T19:20:18.000,2024-04-18T19:20:18.000,,Evidence Action_Kenya_2023-2024
640207,Evidence Action,-1.022629976,34.44613647,2024-11-01T00:00:00.000,Yes,Protected Well,Well,Motorized Pump - Electric,Motorized Pump,Improved,Kenya,KEN,Migori,Suna East,Kakrao,,,,,,,Non-Functional,,,,,10320010,,6GCPXCGW+WFR,,,,KE,https://catalog.waterpointdata.org/datasets/evidence-action-kenya-2023-2024-66217272,52519.57997,5565.795599,32.40124559,52984.1039,5369.010314,"{""2024-11-01"": {""source"": ""Evidence Action"", ""status_id"": ""Yes"", ""water_source_clean"": ""Protected Well"", ""water_tech_clean"": ""Motorized Pump - Electric""}}",1671.0,788.0,,,0.471573908,2.626666667,300.0,625,82.11838621,True,437624,False,1,Kenya,Protected Spring (not powered by solar/electricity),,,Migori,Suna East,Anjengo,,,,POINT (34.446136474609375 -1.022629976272583),"(-1.022629976272583°, 34.446136474609375°)",https://catalog.waterpointdata.org/datafiles/evidence-action-kenya-2023-2024-66217272.xlsx,,1,2024-04-18T19:20:18.000,2024-04-18T19:20:18.000,,Evidence Action_Kenya_2023-2024
100612,USAID/KEA KIWASH,-1.0983675,34.3022721,2021-02-02T00:00:00.000,Yes,Undefined Well,Well,Public Tapstand,Public Tapstand,Improved,Kenya,KEN,Migori,Suna West,Wasimbete,,2016.0,,,,Community Management,"Functional, not in use",,,,Unacceptable quality,Migori_enumerator-96JNHY,,6GCPW822+MW2,,,https://api.mwater.co/v3/images/63d9553bf378489d87993c4d4e5b41e7,KE,https://catalog.waterpointdata.org/datasets/usaid-kiwash-kenya-2021-6372a622,69297.87412,1338.1179,1173.627939,70247.4424,18623.94484,"{""2021-02-02"": {""photo_lnk"": ""https://api.mwater.co/v3/images/63d9553bf378489d87993c4d4e5b41e7"", ""source"": ""USAID/KEA KIWASH"", ""status_id"": ""Yes"", ""water_source_clean"": ""Undefined Well"", ""water_tech_clean"": ""Public Tapstand""}}",1138.0,962.0,,,0.845342707,3.206666667,300.0,1993,53.35407154,True,403797,False,1,Kenya,Protected hand dug/ shallow well,"KIOSK, public tap",Yes- functional and in use,Migori,SUNA WEST,Wasimbete,Project management committee,,"No, the water is not treated and safe for drinking",POINT (34.3022721 -1.0983675),"(-1.0983675°, 34.3022721°)",https://catalog.waterpointdata.org/datafiles/usaid-kiwash-kenya-2021-6372a622.csv,"#status_id, #orig_lnk",1,2022-11-14T20:33:38.000,2022-11-14T20:33:38.000,,USAID_KIWASH_Kenya_2021
103263,USAID/KEA KIWASH,-1.1824582,34.4953151,2021-01-28T00:00:00.000,Yes,Protected Well,Well,Hand Pump,Hand Pump,Improved,Kenya,KEN,Migori,Kuria West,Tagare,,2009.0,Community Based Organization/ Self-Help Group/ Faith Based Organization /NGO,,,Private Operator/Delegated Management,"Functional, needs repair",,,,Acceptable quality,Migori_enumerator-965ZXN,,6GCPRF9W+248,,,https://api.mwater.co/v3/images/df927c20db2040cbb46a4db6f4d7f19e,KE,https://catalog.waterpointdata.org/datasets/usaid-kiwash-kenya-2021-6372a622,62840.09481,6792.10257,49.15497342,64328.12767,6644.181025,"{""2021-01-28"": {""photo_lnk"": ""https://api.mwater.co/v3/images/df927c20db2040cbb46a4db6f4d7f19e"", ""source"": ""USAID/KEA KIWASH"", ""status_id"": ""Yes"", ""water_source_clean"": ""Protected Well"", ""water_tech_clean"": ""Hand Pump""}}",2021.0,336.0,,,0.16625433,1.12,300.0,1998,53.27004823,True,402379,False,1,Kenya,Protected hand dug/ shallow well,Piped gravity scheme,Partially- functional but needs repairs,Migori,KURIA WEST,Tagare,Private operator/ professional manager,,"Yes, the water is treated and safe for drinking",POINT (34.4953151 -1.1824582),"(-1.1824582°, 34.4953151°)",https://catalog.waterpointdata.org/datafiles/usaid-kiwash-kenya-2021-6372a622.csv,"#status_id, #orig_lnk",1,2022-11-14T20:33:38.000,2022-11-14T20:33:38.000,,USAID_KIWASH_Kenya_2021
642137,Evidence Action,-1.060011625,34.57384872,2023-08-12T00:00:00.000,Yes,Protected Well,Well,Motorized Pump - Electric,Motorized Pump,Improved,Kenya,KEN,Migori,Suna East,Kwa,,,,,,,Non-Functional,,,,,10340372,,6GCPWHQF+XGX,,,,KE,https://catalog.waterpointdata.org/datasets/evidence-action-kenya-2023-2024-66217272,46725.5561,7592.213167,796.4766032,48284.94506,11959.04835,"{""2023-08-12"": {""source"": ""Evidence Action"", ""status_id"": ""Yes"", ""water_source_clean"": ""Protected Well"", ""water_tech_clean"": ""Motorized Pump - Electric""}}",1877.0,813.0,,,0.433137986,2.71,300.0,1072,71.32605176,True,427764,False,1,Kenya,Protected Spring (not powered by solar/electricity),,,Migori,Uriri,Arambe,,,,POINT (34.573848724365234 -1.060011625289917),"(-1.060011625289917°, 34.573848724365234°)",https://catalog.waterpointdata.org/datafiles/evidence-action-kenya-2023-2024-66217272.xlsx,,1,2024-04-18T19:20:18.000,2024-04-18T19:20:18.000,,Evidence Action_Kenya_2023-2024
641964,Evidence Action,-1.188993342,34.55878254,2024-10-01T00:00:00.000,Yes,Protected Well,Well,Motorized Pump - Electric,Motorized Pump,Improved,Kenya,KEN,Migori,Kuria West,Bukira Centrl/Ikerege,,,,,,,Non-Functional,,,,,10340175,,6GCPRH65+CG3,Ke-Wandwi Protected Spring,,,KE,https://catalog.waterpointdata.org/datasets/evidence-action-kenya-2023-2024-66217272,59567.83393,5600.022137,707.18284,61984.01131,6397.362472,"{""2014-08-26"": {""source"": ""Evidence Action"", ""status_id"": ""Yes"", ""water_source_clean"": ""Protected Well""}, ""2024-10-01"": {""source"": ""Evidence Action"", ""status_id"": ""Yes"", ""water_source_clean"": ""Protected Well"", ""water_tech_clean"": ""Motorized Pump - Electric""}}",1905.0,283.0,,,0.14855643,0.943333333,300.0,656,81.31986522,True,139586,False,2,Kenya,Protected Spring (not powered by solar/electricity),,,Migori,Kuria West,Ikerege,,,,POINT (34.5587825428 -1.1889933421),"(-1.1889933421°, 34.5587825428°)",https://catalog.waterpointdata.org/datafiles/evidence-action-kenya-2023-2024-66217272.xlsx,,1,2024-04-18T19:20:18.000,2024-04-18T19:20:18.000,,Evidence Action_Kenya_2023-2024
269291,USAID/KEA KIWASH,-1.0866031,34.5908471,2021-02-04T00:00:00.000,Yes,Protected Well,Well,Public Tapstand,Public Tapstand,Improved,Kenya,KEN,Migori,Suna East,Kwa,,2002.0,,,,Community Management,"Functional, not in use",,,,Unacceptable quality,Migori_enumerator-96Q9Z3,,6GCPWH7R+985,,,https://api.mwater.co/v3/images/3e9c27e56e9b43a5a34d9ca39f8d746f,KE,https://catalog.waterpointdata.org/datasets/usaid-kiwash-kenya-2021-6372a622,48207.4511,5834.534931,203.8367117,50159.3249,12316.04154,"{""2021-02-04"": {""photo_lnk"": ""https://api.mwater.co/v3/images/3e9c27e56e9b43a5a34d9ca39f8d746f"", ""source"": ""USAID/KEA KIWASH"", ""status_id"": ""Yes"", ""water_source_clean"": ""Protected Well"", ""water_tech_clean"": ""Public Tapstand""}}",2363.0,875.0,,,0.370292002,2.916666667,300.0,1991,53.38771796,True,405620,False,1,Kenya,Protected spring,"KIOSK, public tap",Yes- functional and in use,Migori,SUNA EAST,Kwa,Project management committee,,"No, the water is not treated and safe for drinking",POINT (34.5908471 -1.0866031),"(-1.0866031°, 34.5908471°)",https://catalog.waterpointdata.org/datafiles/usaid-kiwash-kenya-2021-6372a622.csv,"#status_id, #orig_lnk",1,2022-11-14T20:33:38.000,2022-11-14T20:33:38.000,,USAID_KIWASH_Kenya_2021
776889,Evidence Action,-1.018826826,34.3251333,2014-08-03T00:00:00.000,Yes,Borehole/Tubewell,Well,,,Improved,Kenya,KEN,Migori,Suna West,Wiga,,,,,,,Non-Functional,,,,,,,6GCPX8JG+F36,Kasuda Borehole,,,KE,https://catalog.waterpointdata.org/datasets/evidence-action-kenya-wpdx-reingestion-5f74c47f,61893.88059,573.1529669,64.64269549,62614.03007,16607.92694,"{""2014-08-03"": {""source"": ""Evidence Action"", ""status_id"": ""Yes"", ""water_source_clean"": ""Borehole/Tubewell""}}",2405.0,1489.0,,,0.619126819,4.963333333,300.0,4368,25.23719653,True,137594,False,1,Kenya,Borehole,,,,,,,,,POINT (34.3251332958 -1.0188268255),"(-1.0188268255°, 34.3251332958°)",https://catalog.waterpointdata.org/datafiles/evidence-action-kenya-wpdx-reingestion-5f74c47f.xlsx,,1,2020-09-30T17:46:39.000,2020-09-30T17:46:39.000,,Evidence Action_Kenya_2012-2016
640547,Evidence Action,-1.049048305,34.29208374,2023-11-20T00:00:00.000,Yes,Borehole/Tubewell,Well,,,Improved,Kenya,KEN,Migori,Suna West,Wiga,,,,,,,Non-Functional,,,,,10320425,,6GCPX72R+CQ9,,,,KE,https://catalog.waterpointdata.org/datasets/evidence-action-kenya-2023-2024-66217272,66858.31489,3000.996052,1782.305072,67571.8386,19520.5189,"{""2023-11-20"": {""source"": ""Evidence Action"", ""status_id"": ""Yes"", ""water_source_clean"": ""Borehole/Tubewell""}}",896.0,759.0,,,0.847098214,2.53,300.0,972,73.61015284,True,430363,False,2,Kenya,Borehole,,,Migori,Suna West,God_Kwer,,,,POINT (34.292083740234375 -1.0490483045578003),"(-1.0490483045578003°, 34.292083740234375°)",https://catalog.waterpointdata.org/datafiles/evidence-action-kenya-2023-2024-66217272.xlsx,,1,2024-04-18T19:20:18.000,2024-04-18T19:20:18.000,,Evidence Action_Kenya_2023-2024
640551,Evidence Action,-0.913984895,34.52877808,2023-11-16T00:00:00.000,Yes,Protected Well,Well,Motorized Pump - Electric,Motorized Pump,Improved,Kenya,KEN,Migori,Awendo,South Sakwa,,,,,,,Non-Functional,,,,,10320432,,6GFP3GPH+CG2,,,,KE,https://catalog.waterpointdata.org/datasets/evidence-action-kenya-2023-2024-66217272,37425.48556,18811.19668,367.0059364,37936.35408,740.2227218,"{""2023-08-11"": {""source"": ""Evidence Action"", ""status_id"": ""Yes"", ""water_source_clean"": ""Protected Well"", ""water_tech_clean"": ""Motorized Pump - Electric""}, ""2023-11-16"": {""source"": ""Evidence Action"", ""status_id"": ""Yes"", ""water_source_clean"": ""Protected Well"", ""water_tech_clean"": ""Motorized Pump - Electric""}}",5430.0,350.0,,,0.064456722,1.166666667,300.0,976,73.51739976,True,427621,False,2,Kenya,Protected Spring (not powered by solar/electricity),,,Migori,Suna East,Onguo,,,,POINT (34.528778076171875 -0.9139848947525024),"(-0.9139848947525024°, 34.528778076171875°)",https://catalog.waterpointdata.org/datafiles/evidence-action-kenya-2023-2024-66217272.xlsx,,1,2024-04-18T19:20:18.000,2024-04-18T19:20:18.000,,Evidence Action_Kenya_2023-2024
642063,Evidence Action,-0.95364666,34.46504974,2023-11-23T00:00:00.000,Yes,Borehole/Tubewell,Well,,,Improved,Kenya,KEN,Migori,Uriri,Central Kanyamkago,,,,,,,Non-Functional,,,,,10340304,,6GFP2FW8+G2V,,,,KE,https://catalog.waterpointdata.org/datasets/evidence-action-kenya-2023-2024-66217272,45496.30326,12948.76217,82.4894205,46079.95031,8975.74656,"{""2023-11-23"": {""source"": ""Evidence Action"", ""status_id"": ""Yes"", ""water_source_clean"": ""Borehole/Tubewell""}}",1270.0,575.0,,,0.452755906,1.916666667,300.0,969,73.67979443,True,431017,False,1,Kenya,Borehole,,,Migori,Uriri,Kawere 2B,,,,POINT (34.465049743652344 -0.9536466598510742),"(-0.9536466598510742°, 34.465049743652344°)",https://catalog.waterpointdata.org/datafiles/evidence-action-kenya-2023-2024-66217272.xlsx,,1,2024-04-18T19:20:18.000,2024-04-18T19:20:18.000,,Evidence Action_Kenya_2023-2024
641050,Evidence Action,-1.233152085,34.48317649,2024-01-17T00:00:00.000,Yes,Borehole/Tubewell,Well,,,Improved,Kenya,KEN,Migori,Kuria West,Isibania,,,,,,,Non-Functional,,,,,10321129,,6GCPQF8M+P7M,,,,KE,https://catalog.waterpointdata.org/datasets/evidence-action-kenya-2023-2024-66217272,68328.03688,1522.465477,177.040678,69923.50791,906.7129055,"{""2024-01-17"": {""source"": ""Evidence Action"", ""status_id"": ""Yes"", ""water_source_clean"": ""Borehole/Tubewell""}}",29883.0,7341.0,,,0.245658066,24.47,300.0,914,74.96829775,True,433146,True,1,Kenya,Borehole,,,Migori,Kuria West,Nyamaraga,,,,POINT (34.4831764897 -1.233152085),"(-1.233152085°, 34.4831764897°)",https://catalog.waterpointdata.org/datafiles/evidence-action-kenya-2023-2024-66217272.xlsx,,1,2024-04-18T19:20:18.000,2024-04-18T19:20:18.000,,Evidence Action_Kenya_2023-2024
641827,Evidence Action,-1.157573342,34.54070282,2023-05-12T00:00:00.000,Yes,Protected Well,Well,Motorized Pump - Electric,Motorized Pump,Improved,Kenya,KEN,Migori,Kuria West,Bukira Centrl/Ikerege,,,,,,,Non-Functional,,,,,10340012,,6GCPRGRR+X7G,,,,KE,https://catalog.waterpointdata.org/datasets/evidence-action-kenya-2023-2024-66217272,57836.29448,3410.036441,2869.350575,59603.41415,9344.924983,"{""2023-05-12"": {""source"": ""Evidence Action"", ""status_id"": ""Yes"", ""water_source_clean"": ""Protected Well"", ""water_tech_clean"": ""Motorized Pump - Electric""}}",1220.0,571.0,,,0.468032787,1.903333333,300.0,1164,69.28732779,True,425935,False,1,Kenya,Protected Spring (not powered by solar/electricity),,,Migori,Kuria West,Getonganya,,,,POINT (34.54070281982422 -1.1575733423233032),"(-1.1575733423233032°, 34.54070281982422°)",https://catalog.waterpointdata.org/datafiles/evidence-action-kenya-2023-2024-66217272.xlsx,,1,2024-04-18T19:20:18.000,2024-04-18T19:20:18.000,,Evidence Action_Kenya_2023-2024
639659,Evidence Action,-0.866918325,34.50257111,2023-01-12T00:00:00.000,Yes,Protected Well,Well,Motorized Pump - Electric,Motorized Pump,Improved,Kenya,KEN,Migori,Awendo,West Sakwa,,,,,,,Non-Functional,,,,,10310390,,6GFP4GM3+62P,,,,KE,https://catalog.waterpointdata.org/datasets/evidence-action-kenya-2023-2024-66217272,35972.50264,16171.41855,569.6814145,36721.92364,5580.564276,"{""2023-01-12"": {""source"": ""Evidence Action"", ""status_id"": ""Yes"", ""water_source_clean"": ""Protected Well"", ""water_tech_clean"": ""Motorized Pump - Electric""}}",1900.0,402.0,,,0.211578947,1.34,300.0,1284,66.71544239,True,424382,False,1,Kenya,Protected Spring (not powered by solar/electricity),,,Migori,Awendo,South Kanyamgony,,,,POINT (34.50257110595703 -0.8669183254241943),"(-0.8669183254241943°, 34.50257110595703°)",https://catalog.waterpointdata.org/datafiles/evidence-action-kenya-2023-2024-66217272.xlsx,,1,2024-04-18T19:20:18.000,2024-04-18T19:20:18.000,,Evidence Action_Kenya_2023-2024
640814,Evidence Action,-1.327458382,34.69598007,2023-11-22T00:00:00.000,Yes,Protected Well,Well,Motorized Pump - Electric,Motorized Pump,Improved,Kenya,KEN,Migori,Kuria East,Ntimaru East,,,,,,,Non-Functional,,,,,10320773,,6GCPMMFW+299,,,,KE,https://catalog.waterpointdata.org/datasets/evidence-action-kenya-2023-2024-66217272,66692.68965,5918.691365,945.1896447,73200.96203,17134.64287,"{""2023-11-22"": {""source"": ""Evidence Action"", ""status_id"": ""Yes"", ""water_source_clean"": ""Protected Well"", ""water_tech_clean"": ""Motorized Pump - Electric""}}",2832.0,666.0,,,0.235169492,2.22,300.0,970,73.65657325,True,430767,False,1,Kenya,Protected Spring (not powered by solar/electricity),,,Migori,Kuria East,Makonge,,,,POINT (34.695980072021484 -1.327458381652832),"(-1.327458381652832°, 34.695980072021484°)",https://catalog.waterpointdata.org/datafiles/evidence-action-kenya-2023-2024-66217272.xlsx,,1,2024-04-18T19:20:18.000,2024-04-18T19:20:18.000,,Evidence Action_Kenya_2023-2024
290058,USAID/KEA KIWASH,-1.1245266,34.6200905,2021-02-05T00:00:00.000,Yes,Borehole/Tubewell,Well,,,Improved,Kenya,KEN,Migori,Suna East,Kwa,,2013.0,,,,Other,"Functional, not in use",,,,Unacceptable quality,Migori_enumerator-96STQ8,,6GCPVJGC+52P,,,https://api.mwater.co/v3/images/cbbdb4f82f6b4401b3ae34e1574f3103,KE,https://catalog.waterpointdata.org/datasets/usaid-kiwash-kenya-2021-6372a622,49921.95732,3601.699689,832.8071159,52941.51433,7815.369531,"{""2021-02-05"": {""photo_lnk"": ""https://api.mwater.co/v3/images/cbbdb4f82f6b4401b3ae34e1574f3103"", ""source"": ""USAID/KEA KIWASH"", ""status_id"": ""Yes"", ""water_source_clean"": ""Borehole/Tubewell""}}",2046.0,721.0,,,0.352394917,2.403333333,300.0,1990,53.40454912,True,406377,False,1,Kenya,Borehole,Piped pumping scheme,Yes- functional and in use,Migori,SUNA EAST,Kwa,Other (please specify),,"No, the water is not treated and safe for drinking",POINT (34.6200905 -1.1245266),"(-1.1245266°, 34.6200905°)",https://catalog.waterpointdata.org/datafiles/usaid-kiwash-kenya-2021-6372a622.csv,"#status_id, #orig_lnk",1,2022-11-14T20:33:38.000,2022-11-14T20:33:38.000,,USAID_KIWASH_Kenya_2021
639657,Evidence Action,-0.891640007,34.50404739,2023-01-12T00:00:00.000,Yes,Protected Well,Well,Motorized Pump - Electric,Motorized Pump,Improved,Kenya,KEN,Migori,Awendo,Central Sakwa,,,,,,,Non-Functional,,,,,10310387,,6GFP4G53+8H9,Ka William Spring,,,KE,https://catalog.waterpointdata.org/datasets/evidence-action-kenya-2023-2024-66217272,37623.61226,18148.86319,535.9006894,38284.34533,3571.010927,"{""2014-01-04"": {""source"": ""Evidence Action"", ""status_id"": ""Yes"", ""water_source_clean"": ""Protected Well""}, ""2023-01-12"": {""source"": ""Evidence Action"", ""status_id"": ""Yes"", ""water_source_clean"": ""Protected Well"", ""water_tech_clean"": ""Motorized Pump - Electric""}}",3045.0,869.0,,,0.285385878,2.896666667,300.0,1284,66.71544239,True,126545,False,2,Kenya,Protected Spring (not powered by solar/electricity),,,Migori,Awendo,South Kanyamgony,,,,POINT (34.50404739379883 -0.8916400074958801),"(-0.8916400074958801°, 34.50404739379883°)",https://catalog.waterpointdata.org/datafiles/evidence-action-kenya-2023-2024-66217272.xlsx,,1,2024-04-18T19:20:18.000,2024-04-18T19:20:18.000,,Evidence Action_Kenya_2023-2024
652905,Evidence Action,-1.0148783,34.495746,2023-12-15T00:00:00.000,Yes,Protected Well,Well,Motorized Pump - Electric,Motorized Pump,Improved,Kenya,KEN,Migori,Suna East,Kakrao,,,,,,,Non-Functional,,,,,10340975,,6GCPXFPW+27X,,,,KE,https://catalog.waterpointdata.org/datasets/evidence-action-kenya-2023-2024-66217272,48067.65604,9137.93994,450.4450082,48746.05726,6575.078409,"{""2023-12-15"": {""source"": ""Evidence Action"", ""status_id"": ""Yes"", ""water_source_clean"": ""Protected Well"", ""water_tech_clean"": ""Motorized Pump - Electric""}}",1906.0,451.0,,,0.236621196,1.503333333,300.0,947,74.19251672,True,432419,False,1,Kenya,Protected Spring (not powered by solar/electricity),,,Migori,Uriri,Kamsaki,,,,POINT (34.495746 -1.0148783),"(-1.0148783°, 34.495746°)",https://catalog.waterpointdata.org/datafiles/evidence-action-kenya-2023-2024-66217272.xlsx,,1,2024-04-18T19:20:18.000,2024-04-18T19:20:18.000,,Evidence Action_Kenya_2023-2024
799953,Evidence Action,-1.195474192,34.5059744,2014-04-09T00:00:00.000,Yes,Protected Well,Well,,,Improved,Kenya,KEN,Migori,Kuria West,Makerero,,,,,,,Non-Functional,,,,,,,6GCPRG34+R99,Nyametembe Spring,,,KE,https://catalog.waterpointdata.org/datasets/evidence-action-kenya-wpdx-reingestion-5f74c47f,63450.28394,6399.41363,1626.850764,65060.84361,5784.129931,"{""2014-04-09"": {""source"": ""Evidence Action"", ""status_id"": ""Yes"", ""water_source_clean"": ""Protected Well""}}",1926.0,370.0,,,0.192107996,1.233333333,300.0,4484,24.33107229,True,132090,False,1,Kenya,Protected Spring,,,,,,,,,POINT (34.5059743988 -1.195474192),"(-1.195474192°, 34.5059743988°)",https://catalog.waterpointdata.org/datafiles/evidence-action-kenya-wpdx-reingestion-5f74c47f.xlsx,,1,2020-09-30T17:46:39.000,2020-09-30T17:46:39.000,,Evidence Action_Kenya_2012-2016
641076,Evidence Action,-1.258445024,34.57576752,2023-11-15T00:00:00.000,Yes,Borehole/Tubewell,Well,,,Improved,Kenya,KEN,Migori,Kuria East,Gokeharaka/Getambwega,,,,,,,Non-Functional,,,,,10321165,,6GCPPHRG+J8C,,,,KE,https://catalog.waterpointdata.org/datasets/evidence-action-kenya-2023-2024-66217272,65269.34772,3219.450659,3143.424239,68549.40721,8311.517713,"{""2023-11-15"": {""source"": ""Evidence Action"", ""status_id"": ""Yes"", ""water_source_clean"": ""Borehole/Tubewell""}}",1664.0,208.0,,,0.125,0.693333333,300.0,977,73.49422976,True,429620,False,1,Kenya,Borehole,,,Migori,Kuria West,Nyamotambe,,,,POINT (34.575767517089844 -1.2584450244903564),"(-1.2584450244903564°, 34.575767517089844°)",https://catalog.waterpointdata.org/datafiles/evidence-action-kenya-2023-2024-66217272.xlsx,,1,2024-04-18T19:20:18.000,2024-04-18T19:20:18.000,,Evidence Action_Kenya_2023-2024
293603,USAID/KEA KIWASH,-1.0868375,34.4604446,2021-02-05T00:00:00.000,Yes,Borehole/Tubewell,Well,,,Improved,Kenya,KEN,Migori,Suna West,Ragana-Oruba,,2020.0,Company,,,,"Functional, not in use",,,,Unacceptable quality,Migori_enumerator-96T7VJ,,6GCPWF76+758,,,https://api.mwater.co/v3/images/9c0d1e919ac3423fbf22e525b7210343,KE,https://catalog.waterpointdata.org/datasets/usaid-kiwash-kenya-2021-6372a622,56612.23536,987.909055,2553.399818,57452.47973,2340.278405,"{""2021-02-05"": {""photo_lnk"": ""https://api.mwater.co/v3/images/9c0d1e919ac3423fbf22e525b7210343"", ""source"": ""USAID/KEA KIWASH"", ""status_id"": ""Yes"", ""water_source_clean"": ""Borehole/Tubewell""}}",6510.0,873.0,,,0.134101382,2.91,300.0,1990,53.40454912,True,406404,False,1,Kenya,Borehole,Piped pumping scheme,Yes- functional and in use,Migori,SUNA WEST,Oruba Ragana,Company staff,,"No, the water is not treated and safe for drinking",POINT (34.4604446 -1.0868375),"(-1.0868375°, 34.4604446°)",https://catalog.waterpointdata.org/datafiles/usaid-kiwash-kenya-2021-6372a622.csv,"#status_id, #orig_lnk",1,2022-11-14T20:33:38.000,2022-11-14T20:33:38.000,,USAID_KIWASH_Kenya_2021
103245,USAID/KEA KIWASH,-1.10478,34.5397567,2021-01-28T00:00:00.000,Yes,Sand or Sub-surface Dam,Sand or Sub-surface Dam,Public Tapstand,Public Tapstand,Improved,Kenya,KEN,Migori,Kuria West,Masaba,,2016.0,,,,Other,"Functional, not in use",,,,Unacceptable quality,Migori_enumerator-965UMQ,,6GCPVGWQ+3WJ,,,https://api.mwater.co/v3/images/21f6cb17966a4af5bd1a0caf5fbc3e09,KE,https://catalog.waterpointdata.org/datasets/usaid-kiwash-kenya-2021-6372a622,52937.60807,1744.441291,1951.23835,54422.22683,9171.719314,"{""2021-01-28"": {""photo_lnk"": ""https://api.mwater.co/v3/images/21f6cb17966a4af5bd1a0caf5fbc3e09"", ""source"": ""USAID/KEA KIWASH"", ""status_id"": ""Yes"", ""water_source_clean"": ""Sand or Sub-surface Dam"", ""water_tech_clean"": ""Public Tapstand""}}",1507.0,554.0,,,0.367617784,,,1998,53.27004823,True,402368,False,1,Kenya,Sand/Sub-surface dam (with well or standpipe),"KIOSK, public tap",Yes- functional and in use,Migori,SUNA EAST,Suna Central,Other (please specify),,"No, the water is not treated and safe for drinking",POINT (34.5397567 -1.10478),"(-1.10478°, 34.5397567°)",https://catalog.waterpointdata.org/datafiles/usaid-kiwash-kenya-2021-6372a622.csv,"#status_id, #orig_lnk",1,2022-11-14T20:33:38.000,2022-11-14T20:33:38.000,,USAID_KIWASH_Kenya_2021
639727,Evidence Action,-0.909294009,34.56346512,2024-01-19T00:00:00.000,Yes,Protected Well,Well,Motorized Pump - Electric,Motorized Pump,Improved,Kenya,KEN,Migori,Awendo,South Sakwa,,,,,,,Non-Functional,,,,,10310473,,6GFP3HR7+79P,,,,KE,https://catalog.waterpointdata.org/datasets/evidence-action-kenya-2023-2024-66217272,34492.91967,16815.38159,278.3519394,34940.61929,3536.38985,"{""2024-01-19"": {""source"": ""Evidence Action"", ""status_id"": ""Yes"", ""water_source_clean"": ""Protected Well"", ""water_tech_clean"": ""Motorized Pump - Electric""}}",2094.0,786.0,,,0.375358166,2.62,300.0,912,75.01557465,True,433515,False,1,Kenya,Protected Spring (not powered by solar/electricity),,,Migori,Awendo,Waware,,,,POINT (34.5634651184082 -0.9092940092086792),"(-0.9092940092086792°, 34.5634651184082°)",https://catalog.waterpointdata.org/datafiles/evidence-action-kenya-2023-2024-66217272.xlsx,,1,2024-04-18T19:20:18.000,2024-04-18T19:20:18.000,,Evidence Action_Kenya_2023-2024
640271,Evidence Action,-1.037686706,34.37333679,2023-11-17T00:00:00.000,Yes,Borehole/Tubewell,Well,,,Improved,Kenya,KEN,Migori,Suna West,Wiga,,,,,,,Non-Functional,,,,,10320089,,6GCPX96F+W8G,,,,KE,https://catalog.waterpointdata.org/datasets/evidence-action-kenya-2023-2024-66217272,59289.73806,67.57075655,161.0091136,59883.6438,10861.46821,"{""2023-11-17"": {""source"": ""Evidence Action"", ""status_id"": ""Yes"", ""water_source_clean"": ""Borehole/Tubewell""}}",1600.0,444.0,,,0.2775,1.48,300.0,975,73.54057707,True,430107,False,1,Kenya,Borehole,,,Migori,Suna West,Mukuro,,,,POINT (34.37333679199219 -1.0376867055892944),"(-1.0376867055892944°, 34.37333679199219°)",https://catalog.waterpointdata.org/datafiles/evidence-action-kenya-2023-2024-66217272.xlsx,,1,2024-04-18T19:20:18.000,2024-04-18T19:20:18.000,,Evidence Action_Kenya_2023-2024
640641,Evidence Action,-1.271523356,34.67202377,2023-11-20T00:00:00.000,Yes,Protected Well,Well,Motorized Pump - Electric,Motorized Pump,Improved,Kenya,KEN,Migori,Kuria East,Nyabasi East,,,,,,,Non-Functional,,,,,10320543,,6GCPPMHC+9RR,,,,KE,https://catalog.waterpointdata.org/datasets/evidence-action-kenya-2023-2024-66217272,62170.89914,8026.826247,312.3152509,67426.19547,10507.00735,"{""2023-11-20"": {""source"": ""Evidence Action"", ""status_id"": ""Yes"", ""water_source_clean"": ""Protected Well"", ""water_tech_clean"": ""Motorized Pump - Electric""}}",1576.0,1024.0,,,0.649746193,3.413333333,300.0,972,73.61015284,True,430369,False,1,Kenya,Protected Spring (not powered by solar/electricity),,,Migori,Kuria East,Girigiri,,,,POINT (34.67202377319336 -1.271523356437683),"(-1.271523356437683°, 34.67202377319336°)",https://catalog.waterpointdata.org/datafiles/evidence-action-kenya-2023-2024-66217272.xlsx,,1,2024-04-18T19:20:18.000,2024-04-18T19:20:18.000,,Evidence Action_Kenya_2023-2024
640760,Evidence Action,-1.317685008,34.62947083,2023-12-12T00:00:00.000,Yes,Protected Well,Well,Motorized Pump - Electric,Motorized Pump,Improved,Kenya,KEN,Migori,Kuria East,Nyabasi West,,,,,,,Non-Functional,,,,,10320696,,6GCPMJJH+WQH,,,,KE,https://catalog.waterpointdata.org/datasets/evidence-action-kenya-2023-2024-66217272,68656.80435,4240.585714,443.1290811,73317.29843,13640.04652,"{""2023-12-12"": {""source"": ""Evidence Action"", ""status_id"": ""Yes"", ""water_source_clean"": ""Protected Well"", ""water_tech_clean"": ""Motorized Pump - Electric""}}",2639.0,566.0,,,0.21447518,1.886666667,300.0,950,74.1223905,True,432097,False,1,Kenya,Protected Spring (not powered by solar/electricity),,,Migori,Kuria East,Kebaroti,,,,POINT (34.62947082519531 -1.3176850080490112),"(-1.3176850080490112°, 34.62947082519531°)",https://catalog.waterpointdata.org/datafiles/evidence-action-kenya-2023-2024-66217272.xlsx,,1,2024-04-18T19:20:18.000,2024-04-18T19:20:18.000,,Evidence Action_Kenya_2023-2024
800395,Evidence Action,-1.248880227,34.66257554,2014-11-09T00:00:00.000,Yes,Protected Well,Well,,,Improved,Kenya,KEN,Migori,Kuria East,Nyabasi East,,,,,,,Non-Functional,,,,,,,6GCPQM27+C2W,Kebichohe,,,KE,https://catalog.waterpointdata.org/datasets/evidence-action-kenya-wpdx-reingestion-5f74c47f,60218.87084,6271.471146,1834.973745,65135.98017,7894.333541,"{""2014-11-09"": {""source"": ""Evidence Action"", ""status_id"": ""Yes"", ""water_source_clean"": ""Protected Well""}}",1669.0,435.0,,,0.260635111,1.45,300.0,4270,26.02896228,True,156767,False,1,Kenya,Protected Spring,,,,,,,,,POINT (34.6625755404 -1.2488802271),"(-1.2488802271°, 34.6625755404°)",https://catalog.waterpointdata.org/datafiles/evidence-action-kenya-wpdx-reingestion-5f74c47f.xlsx,,1,2020-09-30T17:46:39.000,2020-09-30T17:46:39.000,,Evidence Action_Kenya_2012-2016
800021,Evidence Action,-1.242690446,34.56632203,2014-04-09T00:00:00.000,Yes,Protected Well,Well,,,Improved,Kenya,KEN,Migori,Kuria East,Gokeharaka/Getambwega,,,,,,,Non-Functional,,,,,,,6GCPQH48+WGG,Komotega Protected Spring,,,KE,https://catalog.waterpointdata.org/datasets/evidence-action-kenya-wpdx-reingestion-5f74c47f,64235.6239,4007.973384,3901.094024,67239.69778,7629.656505,"{""2014-04-09"": {""source"": ""Evidence Action"", ""status_id"": ""Yes"", ""water_source_clean"": ""Protected Well""}}",2352.0,448.0,,,0.19047619,1.493333333,300.0,4484,24.33107229,True,132112,False,1,Kenya,Protected Spring,,,,,,,,,POINT (34.5663220272 -1.2426904455),"(-1.2426904455°, 34.5663220272°)",https://catalog.waterpointdata.org/datafiles/evidence-action-kenya-wpdx-reingestion-5f74c47f.xlsx,,1,2020-09-30T17:46:39.000,2020-09-30T17:46:39.000,,Evidence Action_Kenya_2012-2016
652827,Evidence Action,-1.185851693,34.54230499,2024-10-01T00:00:00.000,Yes,Borehole/Tubewell,Well,,,Improved,Kenya,KEN,Migori,Kuria West,Bukira Centrl/Ikerege,,,,,,,Non-Functional,,,,,10340181,,6GCPRG7R+MW5,,,,KE,https://catalog.waterpointdata.org/datasets/evidence-action-kenya-2023-2024-66217272,60288.66372,5862.586235,1716.619796,62377.26689,8259.030613,"{""2023-09-11"": {""source"": ""Evidence Action"", ""status_id"": ""Yes"", ""water_source_clean"": ""Borehole/Tubewell""}, ""2024-10-01"": {""source"": ""Evidence Action"", ""status_id"": ""Yes"", ""water_source_clean"": ""Borehole/Tubewell""}}",1086.0,73.0,,,0.067219153,0.243333333,300.0,656,81.31986522,True,428088,False,2,Kenya,Borehole,,,Migori,Kuria West,Ikerege,,,,POINT (34.54230499267578 -1.1858516931533813),"(-1.1858516931533813°, 34.54230499267578°)",https://catalog.waterpointdata.org/datafiles/evidence-action-kenya-2023-2024-66217272.xlsx,,1,2024-04-18T19:20:18.000,2024-04-18T19:20:18.000,,Evidence Action_Kenya_2023-2024
641888,Evidence Action,-1.122300029,34.5657692,2023-04-12T00:00:00.000,Yes,Protected Well,Well,Motorized Pump - Electric,Motorized Pump,Improved,Kenya,KEN,Migori,Kuria West,Masaba,,,,,,,Non-Functional,,,,,10340079,,6GCPVHH8+28V,Giokonda Protected Spring,,,KE,https://catalog.waterpointdata.org/datasets/evidence-action-kenya-2023-2024-66217272,53041.0991,1078.490259,998.4807345,54894.92101,9795.600735,"{""2014-04-09"": {""source"": ""Evidence Action"", ""status_id"": ""Yes"", ""water_source_clean"": ""Protected Well""}, ""2023-04-12"": {""source"": ""Evidence Action"", ""status_id"": ""Yes"", ""water_source_clean"": ""Protected Well"", ""water_tech_clean"": ""Motorized Pump - Electric""}}",1427.0,480.0,,,0.336370007,1.6,300.0,1194,68.63520761,True,132098,False,2,Kenya,Protected Spring (not powered by solar/electricity),,,Migori,Kuria West,Nyamagagana,,,,POINT (34.56576919555664 -1.1223000288009644),"(-1.1223000288009644°, 34.56576919555664°)",https://catalog.waterpointdata.org/datafiles/evidence-action-kenya-2023-2024-66217272.xlsx,,1,2024-04-18T19:20:18.000,2024-04-18T19:20:18.000,,Evidence Action_Kenya_2023-2024
642414,Evidence Action,-0.979390025,34.5091629,2023-11-21T00:00:00.000,Yes,Protected Well,Well,Motorized Pump - Electric,Motorized Pump,Improved,Kenya,KEN,Migori,Uriri,South Kanyamkago,,,,,,,Non-Functional,,,,,10340666,,6GFP2GC5+6MV,,,,KE,https://catalog.waterpointdata.org/datasets/evidence-action-kenya-2023-2024-66217272,44216.29432,13162.58408,1151.282683,44761.23801,8285.558088,"{""2023-11-21"": {""source"": ""Evidence Action"", ""status_id"": ""Yes"", ""water_source_clean"": ""Protected Well"", ""water_tech_clean"": ""Motorized Pump - Electric""}}",1189.0,621.0,,,0.522287637,2.07,300.0,971,73.63335939,True,430570,False,1,Kenya,Protected Spring (not powered by solar/electricity),,,Migori,Uriri,Got Uriri,,,,POINT (34.50916290283203 -0.979390025138855),"(-0.979390025138855°, 34.50916290283203°)",https://catalog.waterpointdata.org/datafiles/evidence-action-kenya-2023-2024-66217272.xlsx,,1,2024-04-18T19:20:18.000,2024-04-18T19:20:18.000,,Evidence Action_Kenya_2023-2024
640872,Evidence Action,-1.178343296,34.64457321,2023-11-12T00:00:00.000,Yes,Borehole/Tubewell,Well,,,Improved,Kenya,KEN,Migori,Kuria East,Nyabasi West,,,,,,,Non-Functional,,,,,10320864,,6GCPRJCV+MR8,,,,KE,https://catalog.waterpointdata.org/datasets/evidence-action-kenya-2023-2024-66217272,53929.96003,997.7032908,2014.87071,57922.10591,3684.912526,"{""2023-11-12"": {""source"": ""Evidence Action"", ""status_id"": ""Yes"", ""water_source_clean"": ""Borehole/Tubewell""}}",717.0,315.0,,,0.439330544,1.05,300.0,980,73.42476355,True,429242,False,1,Kenya,Borehole,,,Migori,Kuria East,Nyaitara,,,,POINT (34.64457321166992 -1.1783432960510254),"(-1.1783432960510254°, 34.64457321166992°)",https://catalog.waterpointdata.org/datafiles/evidence-action-kenya-2023-2024-66217272.xlsx,,1,2024-04-18T19:20:18.000,2024-04-18T19:20:18.000,,Evidence Action_Kenya_2023-2024
640721,Evidence Action,-1.376865029,34.71961212,2023-11-23T00:00:00.000,Yes,Borehole/Tubewell,Well,,,Improved,Kenya,KEN,Migori,Kuria East,Ntimaru West,,,,,,,Non-Functional,,,,,10320647,,6GCPJPF9+7R5,,,,KE,https://catalog.waterpointdata.org/datasets/evidence-action-kenya-2023-2024-66217272,70694.93524,1891.774247,4419.800132,78409.98813,23176.35705,"{""2023-11-23"": {""source"": ""Evidence Action"", ""status_id"": ""Yes"", ""water_source_clean"": ""Borehole/Tubewell""}}",3136.0,417.0,,,0.132971939,1.39,300.0,969,73.67979443,True,431000,False,1,Kenya,Borehole,,,Migori,Kuria East,Gwitembe,,,,POINT (34.71961212158203 -1.376865029335022),"(-1.376865029335022°, 34.71961212158203°)",https://catalog.waterpointdata.org/datafiles/evidence-action-kenya-2023-2024-66217272.xlsx,,1,2024-04-18T19:20:18.000,2024-04-18T19:20:18.000,,Evidence Action_Kenya_2023-2024
799819,Evidence Action,-1.224016374,34.4820904,2014-02-09T00:00:00.000,Yes,Protected Well,Well,,,Improved,Kenya,KEN,Migori,Kuria West,Isibania,,,,,,,Non-Functional,,,,,,,6GCPQFGJ+9RW,Ogati Renchwa Protected Spring,,,KE,https://catalog.waterpointdata.org/datasets/evidence-action-kenya-wpdx-reingestion-5f74c47f,67523.55101,2392.3842,1181.971272,69080.04936,1830.981556,"{""2014-02-09"": {""source"": ""Evidence Action"", ""status_id"": ""Yes"", ""water_source_clean"": ""Protected Well""}}",17296.0,1850.0,,,0.106961147,6.166666667,300.0,4543,23.88275499,True,128905,False,1,Kenya,Protected Spring,,,,,,,,,POINT (34.4820903983 -1.2240163736),"(-1.2240163736°, 34.4820903983°)",https://catalog.waterpointdata.org/datafiles/evidence-action-kenya-wpdx-reingestion-5f74c47f.xlsx,,1,2020-09-30T17:46:39.000,2020-09-30T17:46:39.000,,Evidence Action_Kenya_2012-2016
639557,Evidence Action,-0.880183339,34.58248138,2023-11-22T00:00:00.000,Yes,Protected Well,Well,Motorized Pump - Electric,Motorized Pump,Improved,Kenya,KEN,Migori,Rongo,South Kamagambo,,,,,,,Non-Functional,,,,,10310250,,6GFP4H9J+WXH,,,,KE,https://catalog.waterpointdata.org/datasets/evidence-action-kenya-2023-2024-66217272,30703.16224,13043.89532,93.26158868,31123.0789,6432.022023,"{""2023-11-22"": {""source"": ""Evidence Action"", ""status_id"": ""Yes"", ""water_source_clean"": ""Protected Well"", ""water_tech_clean"": ""Motorized Pump - Electric""}}",1411.0,302.0,,,0.214032601,1.006666667,300.0,970,73.65657325,True,430763,False,1,Kenya,Protected Spring (not powered by solar/electricity),,,Migori,Awendo,Kogello East,,,,POINT (34.582481384277344 -0.8801833391189575),"(-0.8801833391189575°, 34.582481384277344°)",https://catalog.waterpointdata.org/datafiles/evidence-action-kenya-2023-2024-66217272.xlsx,,1,2024-04-18T19:20:18.000,2024-04-18T19:20:18.000,,Evidence Action_Kenya_2023-2024
800121,Evidence Action,-1.236042069,34.5771087,2014-08-09T00:00:00.000,Yes,Borehole/Tubewell,Well,,,Improved,Kenya,KEN,Migori,Kuria East,Gokeharaka/Getambwega,,,,,,,Non-Functional,,,,,,,6GCPQH7G+HRQ,Kemwita Borehole,,,KE,https://catalog.waterpointdata.org/datasets/evidence-action-kenya-wpdx-reingestion-5f74c47f,63012.84462,5348.625363,2589.926275,66152.17625,6260.476553,"{""2014-08-09"": {""source"": ""Evidence Action"", ""status_id"": ""Yes"", ""water_source_clean"": ""Borehole/Tubewell""}}",2091.0,263.0,,,0.12577714,0.876666667,300.0,4362,25.28497228,True,138104,False,1,Kenya,Borehole,,,,,,,,,POINT (34.5771086965 -1.2360420691),"(-1.2360420691°, 34.5771086965°)",https://catalog.waterpointdata.org/datafiles/evidence-action-kenya-wpdx-reingestion-5f74c47f.xlsx,,1,2020-09-30T17:46:39.000,2020-09-30T17:46:39.000,,Evidence Action_Kenya_2012-2016
642131,Evidence Action,-1.042406678,34.5943222,2023-11-14T00:00:00.000,Yes,Protected Well,Well,Motorized Pump - Electric,Motorized Pump,Improved,Kenya,KEN,Migori,Uriri,East Kanyamkago,,,,,,,Non-Functional,,,,,10340366,,6GCPXH5V+2PP,,,,KE,https://catalog.waterpointdata.org/datasets/evidence-action-kenya-2023-2024-66217272,43876.63006,10429.3591,128.5100095,45539.82101,14465.11531,"{""2023-11-14"": {""source"": ""Evidence Action"", ""status_id"": ""Yes"", ""water_source_clean"": ""Protected Well"", ""water_tech_clean"": ""Motorized Pump - Electric""}}",1262.0,364.0,,,0.288431062,1.213333333,300.0,978,73.47106706,True,429407,False,1,Kenya,Protected Spring (not powered by solar/electricity),,,Migori,Uriri,Arambe,,,,POINT (34.594322204589844 -1.042406678199768),"(-1.042406678199768°, 34.594322204589844°)",https://catalog.waterpointdata.org/datafiles/evidence-action-kenya-2023-2024-66217272.xlsx,,1,2024-04-18T19:20:18.000,2024-04-18T19:20:18.000,,Evidence Action_Kenya_2023-2024
642478,Evidence Action,-1.052406669,34.43447113,2023-11-23T00:00:00.000,Yes,Protected Well,Well,Motorized Pump - Electric,Motorized Pump,Improved,Kenya,KEN,Migori,Suna East,Kakrao,,,,,,,Non-Functional,,,,,10340726,,6GCPWCXM+2QQ,,,,KE,https://catalog.waterpointdata.org/datasets/evidence-action-kenya-2023-2024-66217272,55804.8695,2303.34409,1401.07941,56302.82678,3905.200827,"{""2023-11-23"": {""source"": ""Evidence Action"", ""status_id"": ""Yes"", ""water_source_clean"": ""Protected Well"", ""water_tech_clean"": ""Motorized Pump - Electric""}}",2298.0,1231.0,,,0.535683203,4.103333333,300.0,969,73.67979443,True,431019,False,1,Kenya,Protected Spring (not powered by solar/electricity),,,Migori,Suna West,Nyamanga,,,,POINT (34.434471130371094 -1.052406668663025),"(-1.052406668663025°, 34.434471130371094°)",https://catalog.waterpointdata.org/datafiles/evidence-action-kenya-2023-2024-66217272.xlsx,,1,2024-04-18T19:20:18.000,2024-04-18T19:20:18.000,,Evidence Action_Kenya_2023-2024
641005,Evidence Action,-1.182588339,34.62380219,2024-10-01T00:00:00.000,Yes,Borehole/Tubewell,Well,,,Improved,Kenya,KEN,Migori,Kuria West,Bukira East,,,,,,,Non-Functional,,,,,10321054,,6GCPRJ8F+XG7,,,,KE,https://catalog.waterpointdata.org/datasets/evidence-action-kenya-2023-2024-66217272,55365.60794,2350.388513,294.4573364,58964.25905,1635.119426,"{""2024-10-01"": {""source"": ""Evidence Action"", ""status_id"": ""Yes"", ""water_source_clean"": ""Borehole/Tubewell""}}",4446.0,909.0,,,0.204453441,3.03,300.0,656,81.31986522,True,437229,False,1,Kenya,Borehole,,,Migori,Kuria West,Igena,,,,POINT (34.623802185058594 -1.1825883388519287),"(-1.1825883388519287°, 34.623802185058594°)",https://catalog.waterpointdata.org/datafiles/evidence-action-kenya-2023-2024-66217272.xlsx,,1,2024-04-18T19:20:18.000,2024-04-18T19:20:18.000,,Evidence Action_Kenya_2023-2024
285589,USAID/KEA KIWASH,-1.1727728,34.4380792,2021-02-04T00:00:00.000,Yes,Undefined Well,Well,Public Tapstand,Public Tapstand,Improved,Kenya,KEN,Migori,Kuria West,Tagare,,2015.0,,,,Community Management,"Functional, not in use",,,,Unacceptable quality,Migori_enumerator-96QTE3,,6GCPRCGQ+V6W,,,https://api.mwater.co/v3/images/f9cb0823202946ce9b519465a66d6423,KE,https://catalog.waterpointdata.org/datasets/usaid-kiwash-kenya-2021-6372a622,65580.99829,7971.076334,39.72540201,66669.11138,8761.077471,"{""2021-02-04"": {""photo_lnk"": ""https://api.mwater.co/v3/images/f9cb0823202946ce9b519465a66d6423"", ""source"": ""USAID/KEA KIWASH"", ""status_id"": ""Yes"", ""water_source_clean"": ""Undefined Well"", ""water_tech_clean"": ""Public Tapstand""}}",3087.0,902.0,,,0.292193068,3.006666667,300.0,1991,53.38771796,True,405636,False,1,Kenya,Protected hand dug/ shallow well,"KIOSK, public tap",Yes- functional and in use,Migori,KURIA WEST,Tagare,Project management committee,,"No, the water is not treated and safe for drinking",POINT (34.4380792 -1.1727728),"(-1.1727728°, 34.4380792°)",https://catalog.waterpointdata.org/datafiles/usaid-kiwash-kenya-2021-6372a622.csv,"#status_id, #orig_lnk",1,2022-11-14T20:33:38.000,2022-11-14T20:33:38.000,,USAID_KIWASH_Kenya_2021
799621,Evidence Action,-1.315334112,34.620673,2014-01-09T00:00:00.000,Yes,Borehole/Tubewell,Well,,,Improved,Kenya,KEN,Migori,Kuria East,Nyabasi West,,,,,,,Non-Functional,,,,,,,6GCPMJMC+V77,Nyairema Spring,,,KE,https://catalog.waterpointdata.org/datasets/evidence-action-kenya-wpdx-reingestion-5f74c47f,68800.5453,3227.552136,208.4803448,73275.76862,13307.17735,"{""2014-01-09"": {""source"": ""Evidence Action"", ""status_id"": ""Yes"", ""water_source_clean"": ""Borehole/Tubewell""}}",2255.0,291.0,,,0.129046563,0.97,300.0,4574,23.65051856,True,126595,False,1,Kenya,Borehole,,,,,,,,,POINT (34.6206729953 -1.3153341121),"(-1.3153341121°, 34.6206729953°)",https://catalog.waterpointdata.org/datafiles/evidence-action-kenya-wpdx-reingestion-5f74c47f.xlsx,,1,2020-09-30T17:46:39.000,2020-09-30T17:46:39.000,,Evidence Action_Kenya_2012-2016
639477,Evidence Action,-0.87071604,34.49399948,2023-09-11T00:00:00.000,Yes,Protected Well,Well,Motorized Pump - Electric,Motorized Pump,Improved,Kenya,KEN,Migori,Awendo,West Sakwa,,,,,,,Non-Functional,,,,,10310147,,6GFP4FHV+PH9,,,,KE,https://catalog.waterpointdata.org/datasets/evidence-action-kenya-2023-2024-66217272,36980.19393,17137.98306,39.05887072,37739.4029,5882.753796,"{""2023-09-11"": {""source"": ""Evidence Action"", ""status_id"": ""Yes"", ""water_source_clean"": ""Protected Well"", ""water_tech_clean"": ""Motorized Pump - Electric""}}",2175.0,407.0,,,0.187126437,1.356666667,300.0,1042,72.00373833,True,428078,False,1,Kenya,Protected Spring (not powered by solar/electricity),,,Migori,Awendo,Kamresi,,,,POINT (34.49399948120117 -0.87071604),"(-0.87071604°, 34.49399948120117°)",https://catalog.waterpointdata.org/datafiles/evidence-action-kenya-2023-2024-66217272.xlsx,,1,2024-04-18T19:20:18.000,2024-04-18T19:20:18.000,,Evidence Action_Kenya_2023-2024
640681,Evidence Action,-1.278751612,34.58936691,2023-06-12T00:00:00.000,Yes,Protected Well,Well,Motorized Pump - Electric,Motorized Pump,Improved,Kenya,KEN,Migori,Kuria East,Gokeharaka/Getambwega,,,,,,,Non-Functional,,,,,10320596,,6GCPPHCQ+FPX,,,,KE,https://catalog.waterpointdata.org/datasets/evidence-action-kenya-2023-2024-66217272,66600.35946,2488.731235,2384.079485,70243.44979,9712.994553,"{""2023-06-12"": {""source"": ""Evidence Action"", ""status_id"": ""Yes"", ""water_source_clean"": ""Protected Well"", ""water_tech_clean"": ""Motorized Pump - Electric""}}",992.0,208.0,,,0.209677419,0.693333333,300.0,1133,69.96769519,True,426565,False,1,Kenya,Protected Spring (not powered by solar/electricity),,,Migori,Kuria West,Nyamaranya,,,,POINT (34.5893669128418 -1.2787516117095947),"(-1.2787516117095947°, 34.5893669128418°)",https://catalog.waterpointdata.org/datafiles/evidence-action-kenya-2023-2024-66217272.xlsx,,1,2024-04-18T19:20:18.000,2024-04-18T19:20:18.000,,Evidence Action_Kenya_2023-2024
642043,Evidence Action,-0.91903168,34.48110962,2023-11-30T00:00:00.000,Yes,Protected Well,Well,Motorized Pump - Electric,Motorized Pump,Improved,Kenya,KEN,Migori,Uriri,Central Kanyamkago,,,,,,,Non-Functional,,,,,10340285,,6GFP3FJJ+9CQ,,,,KE,https://catalog.waterpointdata.org/datasets/evidence-action-kenya-2023-2024-66217272,41552.89573,17111.70804,140.4333855,42191.74926,5764.20959,"{""2023-11-30"": {""source"": ""Evidence Action"", ""status_id"": ""Yes"", ""water_source_clean"": ""Protected Well"", ""water_tech_clean"": ""Motorized Pump - Electric""}}",1816.0,327.0,,,0.180066079,1.09,300.0,962,73.84254783,True,431985,False,1,Kenya,Protected Spring (not powered by solar/electricity),,,Migori,Uriri,East Kawere Rateng,,,,POINT (34.481109619140625 -0.9190316796302795),"(-0.9190316796302795°, 34.481109619140625°)",https://catalog.waterpointdata.org/datafiles/evidence-action-kenya-2023-2024-66217272.xlsx,,1,2024-04-18T19:20:18.000,2024-04-18T19:20:18.000,,Evidence Action_Kenya_2023-2024
293633,USAID/KEA KIWASH,-0.9635802,34.5060061,2021-02-08T00:00:00.000,Yes,Borehole/Tubewell,Well,,,Improved,Kenya,KEN,Migori,Uriri,South Kanyamkago,,2013.0,Society,,,,"Functional, needs repair",,,,Unacceptable quality,Migori_enumerator-972SJR,,6GFP2GP4+HC6,,,https://api.mwater.co/v3/images/ad500416d8f442bfa7301fc4c9cfe57d,KE,https://catalog.waterpointdata.org/datasets/usaid-kiwash-kenya-2021-6372a622,43229.5737,14457.44602,1082.600541,43670.84114,6781.399541,"{""2021-02-08"": {""photo_lnk"": ""https://api.mwater.co/v3/images/ad500416d8f442bfa7301fc4c9cfe57d"", ""source"": ""USAID/KEA KIWASH"", ""status_id"": ""Yes"", ""water_source_clean"": ""Borehole/Tubewell""}}",1937.0,430.0,,,0.221992772,1.433333333,300.0,1987,53.45507446,True,406939,False,1,Kenya,Borehole,Piped pumping scheme,Partially- functional but needs repairs,Migori,URIRI,South Kanyamkago,WSP,,"No, the water is not treated and safe for drinking",POINT (34.5060061 -0.9635802),"(-0.9635802°, 34.5060061°)",https://catalog.waterpointdata.org/datafiles/usaid-kiwash-kenya-2021-6372a622.csv,"#status_id, #orig_lnk",1,2022-11-14T20:33:38.000,2022-11-14T20:33:38.000,,USAID_KIWASH_Kenya_2021
799847,Evidence Action,-1.293561247,34.58402932,2014-02-09T00:00:00.000,Yes,Borehole/Tubewell,Well,,,Improved,Kenya,KEN,Migori,Kuria East,Gokeharaka/Getambwega,,,,,,,Non-Functional,,,,,,,6GCPPH4M+HJC,Mahendi,,,KE,https://catalog.waterpointdata.org/datasets/evidence-action-kenya-wpdx-reingestion-5f74c47f,68334.2174,766.8806657,1839.074173,71982.25917,11453.88431,"{""2014-02-09"": {""source"": ""Evidence Action"", ""status_id"": ""Yes"", ""water_source_clean"": ""Borehole/Tubewell""}}",680.0,206.0,,,0.302941176,0.686666667,300.0,4543,23.88275499,True,128916,False,1,Kenya,Borehole,,,,,,,,,POINT (34.584029321 -1.2935612469),"(-1.2935612469°, 34.584029321°)",https://catalog.waterpointdata.org/datafiles/evidence-action-kenya-wpdx-reingestion-5f74c47f.xlsx,,1,2020-09-30T17:46:39.000,2020-09-30T17:46:39.000,,Evidence Action_Kenya_2012-2016
779758,Evidence Action,-1.046069524,34.52260833,2014-03-19T00:00:00.000,Yes,Protected Well,Well,,,Improved,Kenya,KEN,Migori,Suna East,God Jope,,,,,,,Non-Functional,,,,,,,6GCPXG3F+H2H,Kodero Well,,,KE,https://catalog.waterpointdata.org/datasets/evidence-action-kenya-wpdx-reingestion-5f74c47f,48737.51975,7458.439287,268.2383127,49793.83093,6634.262316,"{""2014-03-19"": {""source"": ""Evidence Action"", ""status_id"": ""Yes"", ""water_source_clean"": ""Protected Well""}}",2911.0,557.0,,,0.191343181,1.856666667,300.0,4505,24.1705452,True,131454,False,1,Kenya,Protected Spring,,,,,,,,,POINT (34.5226083275 -1.0460695236),"(-1.0460695236°, 34.5226083275°)",https://catalog.waterpointdata.org/datafiles/evidence-action-kenya-wpdx-reingestion-5f74c47f.xlsx,,1,2020-09-30T17:46:39.000,2020-09-30T17:46:39.000,,Evidence Action_Kenya_2012-2016
775970,Evidence Action,-1.116399126,34.37657532,2014-05-03T00:00:00.000,Yes,Borehole/Tubewell,Well,,,Improved,Kenya,KEN,Migori,Suna West,Wasimbete,,,,,,,Non-Functional,,,,,,,6GCPV9MG+CJW,Vision 127 Borehole,,,KE,https://catalog.waterpointdata.org/datasets/evidence-action-kenya-wpdx-reingestion-5f74c47f,65363.11341,298.0483316,1581.399344,65871.82416,11433.11632,"{""2014-05-03"": {""source"": ""Evidence Action"", ""status_id"": ""Yes"", ""water_source_clean"": ""Borehole/Tubewell""}}",1122.0,564.0,,,0.502673797,1.88,300.0,4460,24.51583769,True,132340,False,1,Kenya,Borehole,,,,,,,,,POINT (34.3765753238 -1.1163991263),"(-1.1163991263°, 34.3765753238°)",https://catalog.waterpointdata.org/datafiles/evidence-action-kenya-wpdx-reingestion-5f74c47f.xlsx,,1,2020-09-30T17:46:39.000,2020-09-30T17:46:39.000,,Evidence Action_Kenya_2012-2016
640666,Evidence Action,-1.215518355,34.57671356,2023-04-12T00:00:00.000,Yes,Borehole/Tubewell,Well,,,Improved,Kenya,KEN,Migori,Kuria West,Bukira Centrl/Ikerege,,,,,,,Non-Functional,,,,,10320576,,6GCPQHMG+QPJ,Kesaulo Borehole,,,KE,https://catalog.waterpointdata.org/datasets/evidence-action-kenya-2023-2024-66217272,61049.76047,7111.40883,2821.498728,64021.50183,4916.242065,"{""2014-11-09"": {""source"": ""Evidence Action"", ""status_id"": ""Yes"", ""water_source_clean"": ""Borehole/Tubewell""}, ""2023-04-12"": {""source"": ""Evidence Action"", ""status_id"": ""Yes"", ""water_source_clean"": ""Borehole/Tubewell""}}",1834.0,767.0,,,0.418211559,2.556666667,300.0,1194,68.63520761,True,156768,False,2,Kenya,Borehole,,,Migori,Kuria East,Gwikonge,,,,POINT (34.57671356201172 -1.2155183553695679),"(-1.2155183553695679°, 34.57671356201172°)",https://catalog.waterpointdata.org/datafiles/evidence-action-kenya-2023-2024-66217272.xlsx,,1,2024-04-18T19:20:18.000,2024-04-18T19:20:18.000,,Evidence Action_Kenya_2023-2024
293370,USAID/KEA KIWASH,-0.9504133,34.4922065,2021-02-08T00:00:00.000,Yes,Protected Well,Well,Public Tapstand,Public Tapstand,Improved,Kenya,KEN,Migori,Uriri,Central Kanyamkago,,,,,,Community Management,"Functional, needs repair",,,,Unacceptable quality,Migori_enumerator-972K87,,6GFP2FXR+RVP,,,https://api.mwater.co/v3/images/8acb907558254c8593f1d0a39322c125,KE,https://catalog.waterpointdata.org/datasets/usaid-kiwash-kenya-2021-6372a622,43144.75224,14984.51787,5.857313242,43662.6583,6430.930094,"{""2021-02-08"": {""photo_lnk"": ""https://api.mwater.co/v3/images/8acb907558254c8593f1d0a39322c125"", ""source"": ""USAID/KEA KIWASH"", ""status_id"": ""Yes"", ""water_source_clean"": ""Protected Well"", ""water_tech_clean"": ""Public Tapstand""}}",1821.0,680.0,,,0.373421197,2.266666667,300.0,1987,53.45507446,True,406935,False,1,Kenya,Protected spring,"KIOSK, public tap",Partially- functional but needs repairs,Migori,URIRI,Central Kanyamkago,Project management committee,,"No, the water is not treated and safe for drinking",POINT (34.4922065 -0.9504133),"(-0.9504133°, 34.4922065°)",https://catalog.waterpointdata.org/datafiles/usaid-kiwash-kenya-2021-6372a622.csv,"#status_id, #orig_lnk",1,2022-11-14T20:33:38.000,2022-11-14T20:33:38.000,,USAID_KIWASH_Kenya_2021
640531,Evidence Action,-1.073751807,34.49742508,2023-11-15T00:00:00.000,Yes,Protected Well,Well,Motorized Pump - Electric,Motorized Pump,Improved,Kenya,KEN,Migori,Suna East,Suna Central,,,,,,,Non-Functional,,,,,10320399,,6GCPWFGW+FXV,,,,KE,https://catalog.waterpointdata.org/datasets/evidence-action-kenya-2023-2024-66217272,52876.32566,4402.271837,828.522107,53894.49965,3520.799236,"{""2023-11-15"": {""source"": ""Evidence Action"", ""status_id"": ""Yes"", ""water_source_clean"": ""Protected Well"", ""water_tech_clean"": ""Motorized Pump - Electric""}}",2414.0,1001.0,,,0.414664457,3.336666667,300.0,977,73.49422976,True,429608,False,1,Kenya,Protected Spring (not powered by solar/electricity),,,Migori,Suna West,Ngege,,,,POINT (34.4974250793457 -1.0737518072128296),"(-1.0737518072128296°, 34.4974250793457°)",https://catalog.waterpointdata.org/datafiles/evidence-action-kenya-2023-2024-66217272.xlsx,,1,2024-04-18T19:20:18.000,2024-04-18T19:20:18.000,,Evidence Action_Kenya_2023-2024
103455,USAID/KEA KIWASH,-1.2396966,34.5985195,2021-02-02T00:00:00.000,Yes,Protected Well,Well,Hand Pump,Hand Pump,Improved,Kenya,KEN,Migori,Kuria West,Bukira East,,2008.0,Community Based Organization/ Self-Help Group/ Faith Based Organization /NGO,,,Community Management,"Functional, not in use",,,,Unacceptable quality,Migori_enumerator-96JNT9,,6GCPQH6X+4CC,,,https://api.mwater.co/v3/images/cb0c509595a840dfa0bd22bbb1f1eefd,KE,https://catalog.waterpointdata.org/datasets/usaid-kiwash-kenya-2021-6372a622,62272.07356,6292.492252,349.3663662,65813.59203,5300.643098,"{""2021-02-02"": {""photo_lnk"": ""https://api.mwater.co/v3/images/cb0c509595a840dfa0bd22bbb1f1eefd"", ""source"": ""USAID/KEA KIWASH"", ""status_id"": ""Yes"", ""water_source_clean"": ""Protected Well"", ""water_tech_clean"": ""Hand Pump""}}",2630.0,286.0,,,0.108745247,0.953333333,300.0,1993,53.35407154,True,404036,False,1,Kenya,Protected hand dug/ shallow well,Piped pumping scheme,Yes- functional and in use,Migori,KURIA EAST,Nyabasi West,Project management committee,,"No, the water is not treated and safe for drinking",POINT (34.5985195 -1.2396966),"(-1.2396966°, 34.5985195°)",https://catalog.waterpointdata.org/datafiles/usaid-kiwash-kenya-2021-6372a622.csv,"#status_id, #orig_lnk",1,2022-11-14T20:33:38.000,2022-11-14T20:33:38.000,,USAID_KIWASH_Kenya_2021
103558,USAID/KEA KIWASH,-0.9614133,34.415935,2021-02-03T00:00:00.000,Yes,Protected Well,Well,Public Tapstand,Public Tapstand,Improved,Kenya,KEN,Migori,Uriri,West Kanyamkago,,2000.0,Community Based Organization/ Self-Help Group/ Faith Based Organization /NGO,,,Community Management,"Functional, needs repair",,,,Unacceptable quality,Migori_enumerator-96MJK7,,6GFP2CQ8+C94,Ogada Unprotected Spring,,https://api.mwater.co/v3/images/e68a1bcfc8b9498abdb6b1d5a3a7bed2,KE,https://catalog.waterpointdata.org/datasets/usaid-kiwash-kenya-2021-6372a622,50079.10957,9451.697771,1417.994157,50758.47656,12925.921,"{""2014-09-09"": {""source"": ""Evidence Action"", ""status_id"": ""Yes"", ""water_source_clean"": ""Protected Well""}, ""2021-02-03"": {""photo_lnk"": ""https://api.mwater.co/v3/images/e68a1bcfc8b9498abdb6b1d5a3a7bed2"", ""source"": ""USAID/KEA KIWASH"", ""status_id"": ""Yes"", ""water_source_clean"": ""Protected Well"", ""water_tech_clean"": ""Public Tapstand""}}",1174.0,559.0,,,0.476149915,1.863333333,300.0,1992,53.3708921,True,142533,False,2,Kenya,Protected spring,"KIOSK, public tap",Partially- functional but needs repairs,Migori,URIRI,West Kanyamkago,Project management committee,,"No, the water is not treated and safe for drinking",POINT (34.415935 -0.9614133),"(-0.9614133°, 34.415935°)",https://catalog.waterpointdata.org/datafiles/usaid-kiwash-kenya-2021-6372a622.csv,"#status_id, #orig_lnk",1,2022-11-14T20:33:38.000,2022-11-14T20:33:38.000,,USAID_KIWASH_Kenya_2021
640065,Evidence Action,-0.902471721,34.60599518,2023-06-12T00:00:00.000,Yes,Protected Well,Well,Motorized Pump - Electric,Motorized Pump,Improved,Kenya,KEN,Migori,Rongo,South Kamagambo,,,,,,,Non-Functional,,,,,10310862,,6GFP3JX4+299,,,,KE,https://catalog.waterpointdata.org/datasets/evidence-action-kenya-2023-2024-66217272,30608.61547,14668.35102,191.2717144,31439.92778,8289.668977,"{""2023-06-12"": {""source"": ""Evidence Action"", ""status_id"": ""Yes"", ""water_source_clean"": ""Protected Well"", ""water_tech_clean"": ""Motorized Pump - Electric""}}",2721.0,594.0,,,0.218302095,1.98,300.0,1133,69.96769519,True,426558,False,1,Kenya,Protected Spring (not powered by solar/electricity),,,Migori,Rongo,South Kanyajuok,,,,POINT (34.605995178222656 -0.9024717211723328),"(-0.9024717211723328°, 34.605995178222656°)",https://catalog.waterpointdata.org/datafiles/evidence-action-kenya-2023-2024-66217272.xlsx,,1,2024-04-18T19:20:18.000,2024-04-18T19:20:18.000,,Evidence Action_Kenya_2023-2024
642546,Evidence Action,-0.946681678,34.4393158,2023-04-12T00:00:00.000,Yes,Borehole/Tubewell,Well,,,Improved,Kenya,KEN,Migori,Uriri,West Kanyamkago,,,,,,,Non-Functional,,,,,10340808,,6GFP3C3Q+8PG,,,,KE,https://catalog.waterpointdata.org/datasets/evidence-action-kenya-2023-2024-66217272,47050.58299,12017.96401,13.51782974,47715.89755,11139.77849,"{""2023-04-12"": {""source"": ""Evidence Action"", ""status_id"": ""Yes"", ""water_source_clean"": ""Borehole/Tubewell""}}",1547.0,291.0,,,0.188106012,0.97,300.0,1194,68.63520761,True,425448,False,1,Kenya,Borehole,,,Migori,Uriri,Kajulu 1B,,,,POINT (34.43931579589844 -0.9466816782951355),"(-0.9466816782951355°, 34.43931579589844°)",https://catalog.waterpointdata.org/datafiles/evidence-action-kenya-2023-2024-66217272.xlsx,,1,2024-04-18T19:20:18.000,2024-04-18T19:20:18.000,,Evidence Action_Kenya_2023-2024
652797,Evidence Action,-1.2570421,34.5960291,2024-11-01T00:00:00.000,Yes,Protected Well,Well,Motorized Pump - Electric,Motorized Pump,Improved,Kenya,KEN,Migori,Kuria East,Gokeharaka/Getambwega,,,,,,,Non-Functional,,,,,10321287,,6GCPPHVW+5CJ,,,,KE,https://catalog.waterpointdata.org/datasets/evidence-action-kenya-2023-2024-66217272,64115.86044,4629.630963,1088.14914,67731.22679,7200.736133,"{""2024-11-01"": {""source"": ""Evidence Action"", ""status_id"": ""Yes"", ""water_source_clean"": ""Protected Well"", ""water_tech_clean"": ""Motorized Pump - Electric""}}",1384.0,224.0,,,0.161849711,0.746666667,300.0,625,82.11838621,True,437697,False,1,Kenya,Protected Spring (not powered by solar/electricity),,,Migori,Kuria West,Nyamotambe,,,,POINT (34.5960291 -1.2570421),"(-1.2570421°, 34.5960291°)",https://catalog.waterpointdata.org/datafiles/evidence-action-kenya-2023-2024-66217272.xlsx,,1,2024-04-18T19:20:18.000,2024-04-18T19:20:18.000,,Evidence Action_Kenya_2023-2024
98724,USAID/KEA KIWASH,-0.9651979,34.3741537,2021-02-03T00:00:00.000,Yes,Borehole/Tubewell,Well,,,Improved,Kenya,KEN,Migori,Uriri,West Kanyamkago,,2020.0,Community Based Organization/ Self-Help Group/ Faith Based Organization /NGO,,,Community Management,"Functional, needs repair",,,,Acceptable quality,Migori_enumerator-96MRFJ,,6GFP29MF+WMC,,,https://api.mwater.co/v3/images/d09276ef202e4e4d856cdf379763ae1d,KE,https://catalog.waterpointdata.org/datasets/usaid-kiwash-kenya-2021-6372a622,53923.94323,7745.351909,171.2013594,54676.72974,15218.19518,"{""2021-02-03"": {""photo_lnk"": ""https://api.mwater.co/v3/images/d09276ef202e4e4d856cdf379763ae1d"", ""source"": ""USAID/KEA KIWASH"", ""status_id"": ""Yes"", ""water_source_clean"": ""Borehole/Tubewell""}}",1403.0,1403.0,,,1.0,4.676666667,300.0,1992,53.3708921,True,404598,False,1,Kenya,Borehole,Piped pumping scheme,Partially- functional but needs repairs,Migori,URIRI,West Kanyamkago,Project management committee,,"Yes, the water is treated and safe for drinking",POINT (34.3741537 -0.9651979),"(-0.9651979°, 34.3741537°)",https://catalog.waterpointdata.org/datafiles/usaid-kiwash-kenya-2021-6372a622.csv,"#status_id, #orig_lnk",1,2022-11-14T20:33:38.000,2022-11-14T20:33:38.000,,USAID_KIWASH_Kenya_2021
799912,Evidence Action,-1.208287495,34.64439779,2014-03-09T00:00:00.000,Yes,Protected Well,Well,,,Improved,Kenya,KEN,Migori,Kuria East,Nyabasi West,,,,,,,Non-Functional,,,,,,,6GCPQJRV+MQJ,Getirimba,,,KE,https://catalog.waterpointdata.org/datasets/evidence-action-kenya-wpdx-reingestion-5f74c47f,56927.24254,3282.20603,3067.388276,61148.41543,3487.158125,"{""2014-03-09"": {""source"": ""Evidence Action"", ""status_id"": ""Yes"", ""water_source_clean"": ""Protected Well""}}",1344.0,199.0,,,0.148065476,0.663333333,300.0,4515,24.09447641,True,131057,False,1,Kenya,Protected Spring,,,,,,,,,POINT (34.644397794 -1.2082874952),"(-1.2082874952°, 34.644397794°)",https://catalog.waterpointdata.org/datafiles/evidence-action-kenya-wpdx-reingestion-5f74c47f.xlsx,,1,2020-09-30T17:46:39.000,2020-09-30T17:46:39.000,,Evidence Action_Kenya_2012-2016
639604,Evidence Action,-0.902288318,34.53343201,2023-11-12T00:00:00.000,Yes,Protected Well,Well,Motorized Pump - Electric,Motorized Pump,Improved,Kenya,KEN,Migori,Awendo,South Sakwa,,,,,,,Non-Functional,,,,,10310316,,6GFP3GXM+39M,,,,KE,https://catalog.waterpointdata.org/datasets/evidence-action-kenya-2023-2024-66217272,36122.28286,17422.01506,273.1600318,36655.05202,657.6980074,"{""2023-11-12"": {""source"": ""Evidence Action"", ""status_id"": ""Yes"", ""water_source_clean"": ""Protected Well"", ""water_tech_clean"": ""Motorized Pump - Electric""}}",6265.0,956.0,,,0.152593775,3.186666667,300.0,980,73.42476355,True,429238,False,1,Kenya,Protected Spring (not powered by solar/electricity),,,Migori,Awendo,Kombok South,,,,POINT (34.53343200683594 -0.9022883176803589),"(-0.9022883176803589°, 34.53343200683594°)",https://catalog.waterpointdata.org/datafiles/evidence-action-kenya-2023-2024-66217272.xlsx,,1,2024-04-18T19:20:18.000,2024-04-18T19:20:18.000,,Evidence Action_Kenya_2023-2024
292206,USAID/KEA KIWASH,-0.8464966,34.5351471,2021-02-05T00:00:00.000,Yes,Piped Water,Piped Water,,,Improved,Kenya,KEN,Migori,Awendo,Central Sakwa,,,,,,Community Management,"Functional, needs repair",,,,Acceptable quality,Migori_enumerator-96TJJY,,6GFP5G3P+C32,,,https://api.mwater.co/v3/images/a11e4f4965294014872686242b6d533a,KE,https://catalog.waterpointdata.org/datasets/usaid-kiwash-kenya-2021-6372a622,31735.79647,12621.69074,2080.296383,32465.69087,6809.324327,"{""2021-02-05"": {""photo_lnk"": ""https://api.mwater.co/v3/images/a11e4f4965294014872686242b6d533a"", ""source"": ""USAID/KEA KIWASH"", ""status_id"": ""Yes"", ""water_source_clean"": ""Piped Water""}}",,,,,,,250.0,1990,53.40454912,True,406396,False,1,Kenya,Piped/ bulk supply water from WSP,Piped pumping scheme,Partially- functional but needs repairs,Migori,AWENDO,Central Sakwa,Project management committee,,"Yes, the water is treated and safe for drinking",POINT (34.5351471 -0.8464966),"(-0.8464966°, 34.5351471°)",https://catalog.waterpointdata.org/datafiles/usaid-kiwash-kenya-2021-6372a622.csv,"#status_id, #orig_lnk",1,2022-11-14T20:33:38.000,2022-11-14T20:33:38.000,,USAID_KIWASH_Kenya_2021
640990,Evidence Action,-1.222609997,34.58981323,2023-11-27T00:00:00.000,Yes,Protected Well,Well,Motorized Pump - Electric,Motorized Pump,Improved,Kenya,KEN,Migori,Kuria West,Bukira Centrl/Ikerege,,,,,,,Non-Functional,,,,,10321028,,6GCPQHGQ+XW4,,,,KE,https://catalog.waterpointdata.org/datasets/evidence-action-kenya-2023-2024-66217272,61035.21122,7395.05373,1580.397075,64297.55146,4209.823398,"{""2023-11-27"": {""source"": ""Evidence Action"", ""status_id"": ""Yes"", ""water_source_clean"": ""Protected Well"", ""water_tech_clean"": ""Motorized Pump - Electric""}}",1214.0,403.0,,,0.331960461,1.343333333,300.0,965,73.7727524,True,431428,False,1,Kenya,Protected Spring (not powered by solar/electricity),,,Migori,Kuria East,Gwikonge,,,,POINT (34.589813232421875 -1.2226099967956543),"(-1.2226099967956543°, 34.589813232421875°)",https://catalog.waterpointdata.org/datafiles/evidence-action-kenya-2023-2024-66217272.xlsx,,1,2024-04-18T19:20:18.000,2024-04-18T19:20:18.000,,Evidence Action_Kenya_2023-2024
652890,Evidence Action,-1.1094629,34.5681519,2023-09-12T00:00:00.000,Yes,Protected Well,Well,Motorized Pump - Electric,Motorized Pump,Improved,Kenya,KEN,Migori,Kuria West,Masaba,,,,,,,Non-Functional,,,,,10340950,,6GCPVHR9+676,,,,KE,https://catalog.waterpointdata.org/datasets/evidence-action-kenya-2023-2024-66217272,51742.79061,2519.687892,394.8914684,53492.47061,10859.31906,"{""2023-09-12"": {""source"": ""Evidence Action"", ""status_id"": ""Yes"", ""water_source_clean"": ""Protected Well"", ""water_tech_clean"": ""Motorized Pump - Electric""}}",1151.0,322.0,,,0.279756733,1.073333333,300.0,1041,72.02643843,True,428277,False,1,Kenya,Protected Spring (not powered by solar/electricity),,,Migori,Kuria West,Kombe,,,,POINT (34.5681519 -1.1094629),"(-1.1094629°, 34.5681519°)",https://catalog.waterpointdata.org/datafiles/evidence-action-kenya-2023-2024-66217272.xlsx,,1,2024-04-18T19:20:18.000,2024-04-18T19:20:18.000,,Evidence Action_Kenya_2023-2024
640972,Evidence Action,-1.306946635,34.63225937,2023-12-12T00:00:00.000,Yes,Borehole/Tubewell,Well,,,Improved,Kenya,KEN,Migori,Kuria East,Nyabasi West,,,,,,,Non-Functional,,,,,10321001,,6GCPMJVJ+6W8,Mwita Bosara Borehole,,,KE,https://catalog.waterpointdata.org/datasets/evidence-action-kenya-2023-2024-66217272,67441.56137,4410.231865,1317.956779,72091.23049,12501.88688,"{""2014-08-09"": {""source"": ""Evidence Action"", ""status_id"": ""Yes"", ""water_source_clean"": ""Borehole/Tubewell""}, ""2023-12-12"": {""source"": ""Evidence Action"", ""status_id"": ""Yes"", ""water_source_clean"": ""Borehole/Tubewell""}}",2381.0,972.0,,,0.408231835,3.24,300.0,950,74.1223905,True,138113,False,2,Kenya,Borehole,,,Migori,Kuria East,Tebesi,,,,POINT (34.632259368896484 -1.3069466352462769),"(-1.3069466352462769°, 34.632259368896484°)",https://catalog.waterpointdata.org/datafiles/evidence-action-kenya-2023-2024-66217272.xlsx,,1,2024-04-18T19:20:18.000,2024-04-18T19:20:18.000,,Evidence Action_Kenya_2023-2024
652809,Evidence Action,-1.1151728,34.6018324,2023-12-15T00:00:00.000,Yes,Borehole/Tubewell,Well,,,Improved,Kenya,KEN,Migori,Kuria West,Masaba,,,,,,,Non-Functional,,,,,10321406,,6GCPVJM2+WPP,,,,KE,https://catalog.waterpointdata.org/datasets/evidence-action-kenya-2023-2024-66217272,50111.07268,3761.326619,1119.4112,52637.69899,8974.526022,"{""2023-12-15"": {""source"": ""Evidence Action"", ""status_id"": ""Yes"", ""water_source_clean"": ""Borehole/Tubewell""}}",1170.0,432.0,,,0.369230769,1.44,300.0,947,74.19251672,True,432417,False,1,Kenya,Borehole,,,Migori,Kuria West,Sagegi,,,,POINT (34.6018324 -1.1151728),"(-1.1151728°, 34.6018324°)",https://catalog.waterpointdata.org/datafiles/evidence-action-kenya-2023-2024-66217272.xlsx,,1,2024-04-18T19:20:18.000,2024-04-18T19:20:18.000,,Evidence Action_Kenya_2023-2024
641905,Evidence Action,-1.208663344,34.47211456,2023-06-11T00:00:00.000,Yes,Borehole/Tubewell,Well,,,Improved,Kenya,KEN,Migori,Kuria West,Nyamosense/Komosoko,,,,,,,Non-Functional,,,,,10340099,,6GCPQFRC+GRQ,,,,KE,https://catalog.waterpointdata.org/datasets/evidence-action-kenya-2023-2024-66217272,66671.23766,3982.311364,559.1342424,68107.08439,3588.875754,"{""2023-06-11"": {""source"": ""Evidence Action"", ""status_id"": ""Yes"", ""water_source_clean"": ""Borehole/Tubewell""}}",4473.0,1160.0,,,0.25933378,3.866666667,300.0,1134,69.94564393,True,426378,False,1,Kenya,Borehole,,,Migori,Kuria West,Isibania,,,,POINT (34.47211456298828 -1.2086633443832397),"(-1.2086633443832397°, 34.47211456298828°)",https://catalog.waterpointdata.org/datafiles/evidence-action-kenya-2023-2024-66217272.xlsx,,1,2024-04-18T19:20:18.000,2024-04-18T19:20:18.000,,Evidence Action_Kenya_2023-2024
103478,USAID/KEA KIWASH,-0.9395786,34.5334814,2021-02-02T00:00:00.000,Yes,Protected Well,Well,Public Tapstand,Public Tapstand,Improved,Kenya,KEN,Migori,Uriri,South Kanyamkago,,2015.0,,,,Other,"Functional, needs repair",,,,Unacceptable quality,Migori_enumerator-96JRWY,,6GFP3G6M+599,,,https://api.mwater.co/v3/images/756c443e79714152b939cf7cd8b57c89,KE,https://catalog.waterpointdata.org/datasets/usaid-kiwash-kenya-2021-6372a622,39216.54014,18325.2232,1.679761206,39656.7443,3499.365018,"{""2021-02-02"": {""photo_lnk"": ""https://api.mwater.co/v3/images/756c443e79714152b939cf7cd8b57c89"", ""source"": ""USAID/KEA KIWASH"", ""status_id"": ""Yes"", ""water_source_clean"": ""Protected Well"", ""water_tech_clean"": ""Public Tapstand""}}",1614.0,795.0,,,0.492565056,2.65,300.0,1993,53.35407154,True,404048,False,1,Kenya,Protected spring,"KIOSK, public tap",Partially- functional but needs repairs,Migori,AWENDO,South Sakwa,Other (please specify),,"No, the water is not treated and safe for drinking",POINT (34.5334814 -0.9395786),"(-0.9395786°, 34.5334814°)",https://catalog.waterpointdata.org/datafiles/usaid-kiwash-kenya-2021-6372a622.csv,"#status_id, #orig_lnk",1,2022-11-14T20:33:38.000,2022-11-14T20:33:38.000,,USAID_KIWASH_Kenya_2021
103568,USAID/KEA KIWASH,-1.1568176,34.415131,2021-02-03T00:00:00.000,Yes,Borehole/Tubewell,Well,Public Tapstand,Public Tapstand,Improved,Kenya,KEN,Migori,Kuria West,Nyamosense/Komosoko,,2015.0,,,,Community Management,"Functional, not in use",,,,Unacceptable quality,Migori_enumerator-96MLKB,,6GCPRCV8+73C,,,https://api.mwater.co/v3/images/154af71cd0be4330a2979ee77ef03e7e,KE,https://catalog.waterpointdata.org/datasets/usaid-kiwash-kenya-2021-6372a622,65779.20095,6294.580606,2901.350999,66674.61708,11667.78527,"{""2021-02-03"": {""photo_lnk"": ""https://api.mwater.co/v3/images/154af71cd0be4330a2979ee77ef03e7e"", ""source"": ""USAID/KEA KIWASH"", ""status_id"": ""Yes"", ""water_source_clean"": ""Borehole/Tubewell"", ""water_tech_clean"": ""Public Tapstand""}}",882.0,297.0,,,0.336734694,0.99,300.0,1992,53.3708921,True,404884,False,1,Kenya,Borehole,"KIOSK, public tap",Yes- functional and in use,Migori,KURIA WEST,Nyamosense/Komosoko,Project management committee,,"No, the water is not treated and safe for drinking",POINT (34.415131 -1.1568176),"(-1.1568176°, 34.415131°)",https://catalog.waterpointdata.org/datafiles/usaid-kiwash-kenya-2021-6372a622.csv,"#status_id, #orig_lnk",1,2022-11-14T20:33:38.000,2022-11-14T20:33:38.000,,USAID_KIWASH_Kenya_2021
103460,USAID/KEA KIWASH,-1.0013033,34.4691583,2021-02-02T00:00:00.000,Yes,Protected Well,Well,,,Improved,Kenya,KEN,Migori,Suna East,Kakrao,,1993.0,Company,,,,"Functional, not in use",,,,Acceptable quality,Migori_enumerator-96JRNH,,6GCPXFX9+FMF,,,https://api.mwater.co/v3/images/a4e534f445d247d8b6c3bf69784064ee,KE,https://catalog.waterpointdata.org/datasets/usaid-kiwash-kenya-2021-6372a622,49061.71004,8924.703673,792.4648833,49515.11136,7225.771527,"{""2021-02-02"": {""photo_lnk"": ""https://api.mwater.co/v3/images/a4e534f445d247d8b6c3bf69784064ee"", ""source"": ""USAID/KEA KIWASH"", ""status_id"": ""Yes"", ""water_source_clean"": ""Protected Well""}}",1899.0,326.0,,,0.1716693,1.086666667,300.0,1993,53.35407154,True,404039,False,1,Kenya,Protected spring,Piped gravity scheme,Yes- functional and in use,Migori,URIRI,South Kanyamkago,WSP,,"Yes, the water is treated and safe for drinking",POINT (34.4691583 -1.0013033),"(-1.0013033°, 34.4691583°)",https://catalog.waterpointdata.org/datafiles/usaid-kiwash-kenya-2021-6372a622.csv,"#status_id, #orig_lnk",1,2022-11-14T20:33:38.000,2022-11-14T20:33:38.000,,USAID_KIWASH_Kenya_2021
640951,Evidence Action,-1.305671692,34.70346832,2023-11-22T00:00:00.000,Yes,Protected Well,Well,Motorized Pump - Electric,Motorized Pump,Improved,Kenya,KEN,Migori,Kuria East,Ntimaru East,,,,,,,Non-Functional,,,,,10320968,,6GCPMPV3+P9P,,,,KE,https://catalog.waterpointdata.org/datasets/evidence-action-kenya-2023-2024-66217272,64157.27822,8053.64878,682.8431825,70717.56247,15633.83209,"{""2023-11-22"": {""source"": ""Evidence Action"", ""status_id"": ""Yes"", ""water_source_clean"": ""Protected Well"", ""water_tech_clean"": ""Motorized Pump - Electric""}}",2908.0,820.0,,,0.281980743,2.733333333,300.0,970,73.65657325,True,430771,False,1,Kenya,Protected Spring (not powered by solar/electricity),,,Migori,Kuria East,Makonge,,,,POINT (34.703468322753906 -1.3056716918945312),"(-1.3056716918945312°, 34.703468322753906°)",https://catalog.waterpointdata.org/datafiles/evidence-action-kenya-2023-2024-66217272.xlsx,,1,2024-04-18T19:20:18.000,2024-04-18T19:20:18.000,,Evidence Action_Kenya_2023-2024
800455,Evidence Action,-1.189290926,34.57750558,2014-12-09T00:00:00.000,Yes,Protected Well,Well,,,Improved,Kenya,KEN,Migori,Kuria West,Bukira Centrl/Ikerege,,,,,,,Non-Functional,,,,,,,6GCPRH6H+72J,Kekeherema Protected Spring,,,KE,https://catalog.waterpointdata.org/datasets/evidence-action-kenya-wpdx-reingestion-5f74c47f,58499.17741,4634.676024,66.32883846,61263.17677,4325.708067,"{""2014-12-09"": {""source"": ""Evidence Action"", ""status_id"": ""Yes"", ""water_source_clean"": ""Protected Well""}}",1097.0,594.0,,,0.541476755,1.98,300.0,4240,26.27626992,True,161132,False,1,Kenya,Protected Spring,,,,,,,,,POINT (34.5775055839 -1.1892909263),"(-1.1892909263°, 34.5775055839°)",https://catalog.waterpointdata.org/datafiles/evidence-action-kenya-wpdx-reingestion-5f74c47f.xlsx,,1,2020-09-30T17:46:39.000,2020-09-30T17:46:39.000,,Evidence Action_Kenya_2012-2016
799102,Evidence Action,-0.885917362,34.47135242,2014-08-26T00:00:00.000,Yes,Protected Well,Well,,,Improved,Kenya,KEN,Migori,Uriri,North Kanyamkago,,,,,,,Non-Functional,,,,,,,6GFP4F7C+JGQ,Yambo Omollo Protected Spring,,,KE,https://catalog.waterpointdata.org/datasets/evidence-action-kenya-wpdx-reingestion-5f74c47f,40000.66178,19624.20855,904.873961,40766.66859,7148.477961,"{""2014-08-26"": {""source"": ""Evidence Action"", ""status_id"": ""Yes"", ""water_source_clean"": ""Protected Well""}}",2458.0,1931.0,,,0.785598047,6.436666667,300.0,4345,25.42082862,True,139596,False,1,Kenya,Protected Spring,,,,,,,,,POINT (34.4713524218 -0.8859173623),"(-0.8859173623°, 34.4713524218°)",https://catalog.waterpointdata.org/datafiles/evidence-action-kenya-wpdx-reingestion-5f74c47f.xlsx,,1,2020-09-30T17:46:39.000,2020-09-30T17:46:39.000,,Evidence Action_Kenya_2012-2016
103363,USAID/KEA KIWASH,-1.3291267,34.641565,2021-02-01T00:00:00.000,Yes,Protected Well,Well,Public Tapstand,Public Tapstand,Improved,Kenya,KEN,Migori,Kuria East,Nyabasi West,,2016.0,Community Based Organization/ Self-Help Group/ Faith Based Organization /NGO,,,Community Management,"Functional, not in use",,,,Unacceptable quality,Migori_enumerator-96G349,,6GCPMJCR+8JW,,,https://api.mwater.co/v3/images/18c33b57ebfa4cd2956acaf3273331ff,KE,https://catalog.waterpointdata.org/datasets/usaid-kiwash-kenya-2021-6372a622,69328.91724,2983.458227,62.09723333,74288.41607,15093.66473,"{""2021-02-01"": {""photo_lnk"": ""https://api.mwater.co/v3/images/18c33b57ebfa4cd2956acaf3273331ff"", ""source"": ""USAID/KEA KIWASH"", ""status_id"": ""Yes"", ""water_source_clean"": ""Protected Well"", ""water_tech_clean"": ""Public Tapstand""}}",1391.0,704.0,,,0.506110712,2.346666667,300.0,1994,53.33725628,True,403436,False,1,Kenya,Protected spring,"KIOSK, public tap",Yes- functional and in use,Migori,KURIA EAST,Nyabasi West,Project management committee,,"No, the water is not treated and safe for drinking",POINT (34.641565 -1.3291267),"(-1.3291267°, 34.641565°)",https://catalog.waterpointdata.org/datafiles/usaid-kiwash-kenya-2021-6372a622.csv,"#status_id, #orig_lnk",1,2022-11-14T20:33:38.000,2022-11-14T20:33:38.000,,USAID_KIWASH_Kenya_2021
266756,USAID/KEA KIWASH,-1.1003588,34.4656156,2021-02-04T00:00:00.000,Yes,Borehole/Tubewell,Well,,,Improved,Kenya,KEN,Migori,Suna West,Ragana-Oruba,,2017.0,Society,,,Other,"Functional, not in use",,,,Unacceptable quality,Migori_enumerator-96Q8Q3,,6GCPVFX8+V65,,,https://api.mwater.co/v3/images/ea8e331d1b5547f8b5e687b8898e081a,KE,https://catalog.waterpointdata.org/datasets/usaid-kiwash-kenya-2021-6372a622,57388.07459,21.85818171,1019.02209,58326.55332,3734.475864,"{""2021-02-04"": {""photo_lnk"": ""https://api.mwater.co/v3/images/ea8e331d1b5547f8b5e687b8898e081a"", ""source"": ""USAID/KEA KIWASH"", ""status_id"": ""Yes"", ""water_source_clean"": ""Borehole/Tubewell""}}",3969.0,917.0,,,0.231040564,3.056666667,300.0,1991,53.38771796,True,405611,False,1,Kenya,Borehole,Piped pumping scheme,Yes- functional and in use,Migori,SUNA WEST,Oruba Ragana,Other (please specify),,"No, the water is not treated and safe for drinking",POINT (34.4656156 -1.1003588),"(-1.1003588°, 34.4656156°)",https://catalog.waterpointdata.org/datafiles/usaid-kiwash-kenya-2021-6372a622.csv,"#status_id, #orig_lnk",1,2022-11-14T20:33:38.000,2022-11-14T20:33:38.000,,USAID_KIWASH_Kenya_2021
269670,USAID/KEA KIWASH,-0.9507078,34.4442128,2021-02-04T00:00:00.000,Yes,Undefined Well,Well,Public Tapstand,Public Tapstand,Improved,Kenya,KEN,Migori,Uriri,West Kanyamkago,,1990.0,Community Based Organization/ Self-Help Group/ Faith Based Organization /NGO,,,Community Management,"Functional, needs repair",,,,Acceptable quality,Migori_enumerator-96QD9C,,6GFP2CXV+MMM,Kasosi Borehole,,https://api.mwater.co/v3/images/99990a59dcfc4338973148cab40c8d47,KE,https://catalog.waterpointdata.org/datasets/usaid-kiwash-kenya-2021-6372a622,46946.10435,11908.20055,190.113148,47589.28737,10825.34262,"{""2014-11-09"": {""source"": ""Evidence Action"", ""status_id"": ""Yes"", ""water_source_clean"": ""Borehole/Tubewell""}, ""2021-02-04"": {""photo_lnk"": ""https://api.mwater.co/v3/images/99990a59dcfc4338973148cab40c8d47"", ""source"": ""USAID/KEA KIWASH"", ""status_id"": ""Yes"", ""water_source_clean"": ""Undefined Well"", ""water_tech_clean"": ""Public Tapstand""}}",1387.0,318.0,,,0.22927181,1.06,300.0,1991,53.38771796,True,156760,False,3,Kenya,Protected hand dug/ shallow well,"KIOSK, public tap",Partially- functional but needs repairs,Migori,URIRI,West Kanyamkago,Project management committee,,"Yes, the water is treated and safe for drinking",POINT (34.4442128 -0.9507078),"(-0.9507078°, 34.4442128°)",https://catalog.waterpointdata.org/datafiles/usaid-kiwash-kenya-2021-6372a622.csv,"#status_id, #orig_lnk",1,2022-11-14T20:33:38.000,2022-11-14T20:33:38.000,,USAID_KIWASH_Kenya_2021
799585,Evidence Action,-1.309215062,34.69317248,2014-08-30T00:00:00.000,Yes,Protected Well,Well,,,Improved,Kenya,KEN,Migori,Kuria East,Ntimaru East,,,,,,,Non-Functional,,,,,,,6GCPMMRV+877,Kemande,,,KE,https://catalog.waterpointdata.org/datasets/evidence-action-kenya-wpdx-reingestion-5f74c47f,65004.7094,6967.445868,476.8529443,71231.88097,15268.99294,"{""2014-08-30"": {""source"": ""Evidence Action"", ""status_id"": ""Yes"", ""water_source_clean"": ""Protected Well""}}",2302.0,1098.0,,,0.476976542,3.66,300.0,4341,25.45290076,True,140447,False,1,Kenya,Protected Spring,,,,,,,,,POINT (34.6931724785 -1.3092150623),"(-1.3092150623°, 34.6931724785°)",https://catalog.waterpointdata.org/datafiles/evidence-action-kenya-wpdx-reingestion-5f74c47f.xlsx,,1,2020-09-30T17:46:39.000,2020-09-30T17:46:39.000,,Evidence Action_Kenya_2012-2016
641990,Evidence Action,-1.197649956,34.54278946,2023-11-28T00:00:00.000,Yes,Protected Well,Well,Motorized Pump - Electric,Motorized Pump,Improved,Kenya,KEN,Migori,Kuria West,Bukira Centrl/Ikerege,,,,,,,Non-Functional,,,,,10340203,,6GCPRG2V+W4V,,,,KE,https://catalog.waterpointdata.org/datasets/evidence-action-kenya-2023-2024-66217272,61341.44641,6861.486418,783.3472103,63552.47885,8146.722985,"{""2023-11-28"": {""source"": ""Evidence Action"", ""status_id"": ""Yes"", ""water_source_clean"": ""Protected Well"", ""water_tech_clean"": ""Motorized Pump - Electric""}}",1412.0,167.0,,,0.118271955,0.556666667,300.0,964,73.79601021,True,431631,False,1,Kenya,Protected Spring (not powered by solar/electricity),,,Migori,Kuria West,Kiomakebe,,,,POINT (34.542789459228516 -1.1976499557495117),"(-1.1976499557495117°, 34.542789459228516°)",https://catalog.waterpointdata.org/datafiles/evidence-action-kenya-2023-2024-66217272.xlsx,,1,2024-04-18T19:20:18.000,2024-04-18T19:20:18.000,,Evidence Action_Kenya_2023-2024
641984,Evidence Action,-1.198119998,34.5318985,2023-11-28T00:00:00.000,Yes,Borehole/Tubewell,Well,,,Improved,Kenya,KEN,Migori,Kuria West,Bukira Centrl/Ikerege,,,,,,,Non-Functional,,,,,10340195,,6GCPRG2J+QQW,Ke Mohono Ruchota Borehole,,,KE,https://catalog.waterpointdata.org/datasets/evidence-action-kenya-2023-2024-66217272,62062.20003,6408.296414,1550.061425,64087.2908,7493.00111,"{""2014-02-09"": {""source"": ""Evidence Action"", ""status_id"": ""Yes"", ""water_source_clean"": ""Borehole/Tubewell""}, ""2023-11-28"": {""source"": ""Evidence Action"", ""status_id"": ""Yes"", ""water_source_clean"": ""Borehole/Tubewell""}}",1295.0,531.0,,,0.41003861,1.77,300.0,964,73.79601021,True,128921,False,2,Kenya,Borehole,,,Migori,Kuria West,Kiomakebe,,,,POINT (34.531898498535156 -1.1981199979782104),"(-1.1981199979782104°, 34.531898498535156°)",https://catalog.waterpointdata.org/datafiles/evidence-action-kenya-2023-2024-66217272.xlsx,,1,2024-04-18T19:20:18.000,2024-04-18T19:20:18.000,,Evidence Action_Kenya_2023-2024
641014,Evidence Action,-1.199703751,34.61509199,2023-06-12T00:00:00.000,Yes,Borehole/Tubewell,Well,,,Improved,Kenya,KEN,Migori,Kuria West,Bukira East,,,,,,,Non-Functional,,,,,10321067,,6GCPRJ28+428,,,,KE,https://catalog.waterpointdata.org/datasets/evidence-action-kenya-2023-2024-66217272,57491.92341,4379.33755,204.0955714,61050.47596,519.6869193,"{""2023-06-12"": {""source"": ""Evidence Action"", ""status_id"": ""Yes"", ""water_source_clean"": ""Borehole/Tubewell""}}",5202.0,486.0,,,0.093425606,1.62,300.0,1133,69.96769519,True,426571,False,1,Kenya,Borehole,,,Migori,Kuria West,Ihore,,,,POINT (34.6150919924 -1.19970375109),"(-1.19970375109°, 34.6150919924°)",https://catalog.waterpointdata.org/datafiles/evidence-action-kenya-2023-2024-66217272.xlsx,,1,2024-04-18T19:20:18.000,2024-04-18T19:20:18.000,,Evidence Action_Kenya_2023-2024
639696,Evidence Action,-0.959930003,34.55573654,2023-12-15T00:00:00.000,Yes,Protected Well,Well,Motorized Pump - Electric,Motorized Pump,Improved,Kenya,KEN,Migori,Awendo,South Sakwa,,,,,,,Non-Functional,,,,,10310433,,6GFP2HR4+27H,,,,KE,https://catalog.waterpointdata.org/datasets/evidence-action-kenya-2023-2024-66217272,39072.38625,17611.27918,561.2280255,39863.38307,6335.755262,"{""2023-12-15"": {""source"": ""Evidence Action"", ""status_id"": ""Yes"", ""water_source_clean"": ""Protected Well"", ""water_tech_clean"": ""Motorized Pump - Electric""}}",1149.0,422.0,,,0.367275892,1.406666667,300.0,947,74.19251672,True,432326,False,1,Kenya,Protected Spring (not powered by solar/electricity),,,Migori,Awendo,Waundha,,,,POINT (34.55573654174805 -0.9599300026893616),"(-0.9599300026893616°, 34.55573654174805°)",https://catalog.waterpointdata.org/datafiles/evidence-action-kenya-2023-2024-66217272.xlsx,,1,2024-04-18T19:20:18.000,2024-04-18T19:20:18.000,,Evidence Action_Kenya_2023-2024
799667,Evidence Action,-0.90412063,34.44619569,2014-01-09T00:00:00.000,Yes,Protected Well,Well,,,Improved,Kenya,KEN,Migori,Uriri,North Kanyamkago,,,,,,,Non-Functional,,,,,,,6GFP3CWW+9F4,Kaeja Spring,,,KE,https://catalog.waterpointdata.org/datasets/evidence-action-kenya-wpdx-reingestion-5f74c47f,43446.58164,16587.55438,805.8019039,44215.15061,9528.909435,"{""2014-01-09"": {""source"": ""Evidence Action"", ""status_id"": ""Yes"", ""water_source_clean"": ""Protected Well""}}",1483.0,276.0,,,0.186109238,0.92,300.0,4574,23.65051856,True,126613,False,1,Kenya,Protected Spring,,,,,,,,,POINT (34.4461956899 -0.9041206301),"(-0.9041206301°, 34.4461956899°)",https://catalog.waterpointdata.org/datafiles/evidence-action-kenya-wpdx-reingestion-5f74c47f.xlsx,,1,2020-09-30T17:46:39.000,2020-09-30T17:46:39.000,,Evidence Action_Kenya_2012-2016
639773,Evidence Action,-0.97596997,34.5716362,2023-12-19T00:00:00.000,Yes,Protected Well,Well,Motorized Pump - Electric,Motorized Pump,Improved,Kenya,KEN,Migori,Awendo,South Sakwa,,,,,,,Non-Functional,,,,,10310531,,6GFP2HFC+JM6,,,,KE,https://catalog.waterpointdata.org/datasets/evidence-action-kenya-2023-2024-66217272,39272.59872,16340.47871,427.2478885,40320.82962,8732.509936,"{""2023-12-19"": {""source"": ""Evidence Action"", ""status_id"": ""Yes"", ""water_source_clean"": ""Protected Well"", ""water_tech_clean"": ""Motorized Pump - Electric""}}",1244.0,214.0,,,0.172025723,0.713333333,300.0,943,74.28612155,True,432511,False,1,Kenya,Protected Spring (not powered by solar/electricity),,,Migori,Awendo,Central Alego,,,,POINT (34.57163619995117 -0.9759699702262878),"(-0.9759699702262878°, 34.57163619995117°)",https://catalog.waterpointdata.org/datafiles/evidence-action-kenya-2023-2024-66217272.xlsx,,1,2024-04-18T19:20:18.000,2024-04-18T19:20:18.000,,Evidence Action_Kenya_2023-2024
642142,Evidence Action,-1.002241611,34.56632233,2023-12-19T00:00:00.000,Yes,Protected Well,Well,Motorized Pump - Electric,Motorized Pump,Improved,Kenya,KEN,Migori,Awendo,South Sakwa,,,,,,,Non-Functional,,,,,10340376,,6GCPXHX8+4G4,,,,KE,https://catalog.waterpointdata.org/datasets/evidence-action-kenya-2023-2024-66217272,41931.44809,13375.98296,377.3744505,43096.71288,11111.61776,"{""2023-12-19"": {""source"": ""Evidence Action"", ""status_id"": ""Yes"", ""water_source_clean"": ""Protected Well"", ""water_tech_clean"": ""Motorized Pump - Electric""}}",1307.0,541.0,,,0.413925019,1.803333333,300.0,943,74.28612155,True,432515,False,1,Kenya,Protected Spring (not powered by solar/electricity),,,Migori,Uriri,Thim Jope,,,,POINT (34.566322326660156 -1.002241611480713),"(-1.002241611480713°, 34.566322326660156°)",https://catalog.waterpointdata.org/datafiles/evidence-action-kenya-2023-2024-66217272.xlsx,,1,2024-04-18T19:20:18.000,2024-04-18T19:20:18.000,,Evidence Action_Kenya_2023-2024
103280,USAID/KEA KIWASH,-1.0991833,34.498661,2021-01-28T00:00:00.000,Yes,Protected Well,Well,Public Tapstand,Public Tapstand,Improved,Kenya,KEN,Migori,Suna East,Suna Central,,2019.0,,,,Community Management,"Functional, not in use",,,,Unacceptable quality,Migori_enumerator-9667SF,,6GCPWF2X+8FF,,,https://api.mwater.co/v3/images/f309cc9ad8274980b759c9ce596b8154,KE,https://catalog.waterpointdata.org/datasets/usaid-kiwash-kenya-2021-6372a622,55022.69843,1741.190267,1972.294138,56171.46649,5071.251194,"{""2021-01-28"": {""photo_lnk"": ""https://api.mwater.co/v3/images/f309cc9ad8274980b759c9ce596b8154"", ""source"": ""USAID/KEA KIWASH"", ""status_id"": ""Yes"", ""water_source_clean"": ""Protected Well"", ""water_tech_clean"": ""Public Tapstand""}}",1492.0,435.0,,,0.29155496,1.45,300.0,1998,53.27004823,True,402389,False,1,Kenya,Protected spring,"KIOSK, public tap",Yes- functional and in use,Migori,SUNA EAST,Suna Central,Project management committee,,"No, the water is not treated and safe for drinking",POINT (34.498661 -1.0991833),"(-1.0991833°, 34.498661°)",https://catalog.waterpointdata.org/datafiles/usaid-kiwash-kenya-2021-6372a622.csv,"#status_id, #orig_lnk",1,2022-11-14T20:33:38.000,2022-11-14T20:33:38.000,,USAID_KIWASH_Kenya_2021
800041,Evidence Action,-1.233415574,34.60033008,2014-05-09T00:00:00.000,Yes,Protected Well,Well,,,Improved,Kenya,KEN,Migori,Kuria West,Bukira East,,,,,,,Non-Functional,,,,,,,6GCPQJ82+J4P,Ge Daudi /Kwibu Nyabosogo Protected Spring,,,KE,https://catalog.waterpointdata.org/datasets/evidence-action-kenya-wpdx-reingestion-5f74c47f,61560.57405,6983.11601,1.357990905,65090.4507,4581.031699,"{""2014-05-09"": {""source"": ""Evidence Action"", ""status_id"": ""Yes"", ""water_source_clean"": ""Protected Well""}}",2362.0,424.0,,,0.179508891,1.413333333,300.0,4454,24.56224786,True,132575,False,1,Kenya,Protected Spring,,,,,,,,,POINT (34.6003300781 -1.2334155743),"(-1.2334155743°, 34.6003300781°)",https://catalog.waterpointdata.org/datafiles/evidence-action-kenya-wpdx-reingestion-5f74c47f.xlsx,,1,2020-09-30T17:46:39.000,2020-09-30T17:46:39.000,,Evidence Action_Kenya_2012-2016
103210,USAID/KEA KIWASH,-1.1298157,34.4472002,2021-01-27T00:00:00.000,Yes,Sand or Sub-surface Dam,Sand or Sub-surface Dam,Public Tapstand,Public Tapstand,Improved,Kenya,KEN,Migori,Kuria West,Tagare,,2016.0,Community Based Organization/ Self-Help Group/ Faith Based Organization /NGO,,,Community Management,"Functional, not in use",,,,Acceptable quality,Migori_enumerator-963MBE,,6GCPVCCW+3VG,,,https://api.mwater.co/v3/images/9dbf654a25504617aedc73f5a3c6f461,KE,https://catalog.waterpointdata.org/datasets/usaid-kiwash-kenya-2021-6372a622,61208.78749,3734.050939,875.3047827,62169.9321,7315.938059,"{""2021-01-27"": {""photo_lnk"": ""https://api.mwater.co/v3/images/9dbf654a25504617aedc73f5a3c6f461"", ""source"": ""USAID/KEA KIWASH"", ""status_id"": ""Yes"", ""water_source_clean"": ""Sand or Sub-surface Dam"", ""water_tech_clean"": ""Public Tapstand""}}",2034.0,1034.0,,,0.508357915,,,1999,53.25325946,True,402013,False,1,Kenya,Sand/Sub-surface dam (with well or standpipe),Piped pumping scheme,Yes- functional and in use,Migori,KURIA WEST,Tagare,Project management committee,,"Yes, the water is treated and safe for drinking",POINT (34.4472002 -1.1298157),"(-1.1298157°, 34.4472002°)",https://catalog.waterpointdata.org/datafiles/usaid-kiwash-kenya-2021-6372a622.csv,"#status_id, #orig_lnk",1,2022-11-14T20:33:38.000,2022-11-14T20:33:38.000,,USAID_KIWASH_Kenya_2021
292051,USAID/KEA KIWASH,-1.1011452,34.5495209,2021-02-05T00:00:00.000,Yes,Protected Well,Well,Public Tapstand,Public Tapstand,Improved,Kenya,KEN,Migori,Kuria West,Masaba,,2005.0,,,,Other,"Functional, not in use",,,,Acceptable quality,Migori_enumerator-96TBDF,,6GCPVGXX+GRR,,,https://api.mwater.co/v3/images/088a9aed098342748f7de1bb141955fb,KE,https://catalog.waterpointdata.org/datasets/usaid-kiwash-kenya-2021-6372a622,52017.79858,2324.043499,1684.940992,53565.40279,9988.338499,"{""2021-02-05"": {""photo_lnk"": ""https://api.mwater.co/v3/images/088a9aed098342748f7de1bb141955fb"", ""source"": ""USAID/KEA KIWASH"", ""status_id"": ""Yes"", ""water_source_clean"": ""Protected Well"", ""water_tech_clean"": ""Public Tapstand""}}",1788.0,428.0,,,0.239373602,1.426666667,300.0,1990,53.40454912,True,406394,False,1,Kenya,Protected spring,"KIOSK, public tap",Yes- functional and in use,Migori,SUNA EAST,Kwa,Other (please specify),,"Yes, the water is treated and safe for drinking",POINT (34.5495209 -1.1011452),"(-1.1011452°, 34.5495209°)",https://catalog.waterpointdata.org/datafiles/usaid-kiwash-kenya-2021-6372a622.csv,"#status_id, #orig_lnk",1,2022-11-14T20:33:38.000,2022-11-14T20:33:38.000,,USAID_KIWASH_Kenya_2021
641995,Evidence Action,-1.131275058,34.59534073,2023-12-12T00:00:00.000,Yes,Borehole/Tubewell,Well,,,Improved,Kenya,KEN,Migori,Kuria West,Masaba,,,,,,,Non-Functional,,,,,10340215,,6GCPVH9W+F4M,Maroa Chacha Borehole,,,KE,https://catalog.waterpointdata.org/datasets/evidence-action-kenya-2023-2024-66217272,52003.12682,1914.350251,2951.200817,54561.66425,7419.848769,"{""2014-08-26"": {""source"": ""Evidence Action"", ""status_id"": ""Yes"", ""water_source_clean"": ""Borehole/Tubewell""}, ""2023-12-12"": {""source"": ""Evidence Action"", ""status_id"": ""Yes"", ""water_source_clean"": ""Borehole/Tubewell""}}",681.0,413.0,,,0.606461087,1.376666667,300.0,950,74.1223905,True,139565,False,2,Kenya,Borehole,,,Migori,Kuria West,Kurutiange,,,,POINT (34.595340728759766 -1.1312750577926636),"(-1.1312750577926636°, 34.595340728759766°)",https://catalog.waterpointdata.org/datafiles/evidence-action-kenya-2023-2024-66217272.xlsx,,1,2024-04-18T19:20:18.000,2024-04-18T19:20:18.000,,Evidence Action_Kenya_2023-2024
642242,Evidence Action,-0.912400007,34.49145508,2024-12-01T00:00:00.000,Yes,Borehole/Tubewell,Well,,,Improved,Kenya,KEN,Migori,Uriri,North Kanyamkago,,,,,,,Non-Functional,,,,,10340479,,6GFP3FQR+2HP,,,,KE,https://catalog.waterpointdata.org/datasets/evidence-action-kenya-2023-2024-66217272,40211.07657,18371.18213,1067.563459,40841.57842,4508.265074,"{""2024-12-01"": {""source"": ""Evidence Action"", ""status_id"": ""Yes"", ""water_source_clean"": ""Borehole/Tubewell""}}",2071.0,175.0,,,0.084500241,0.583333333,300.0,595,82.89861343,True,438092,False,1,Kenya,Borehole,,,Migori,Uriri,Kamgundho 2,,,,POINT (34.491455078125 -0.9124000072479248),"(-0.9124000072479248°, 34.491455078125°)",https://catalog.waterpointdata.org/datafiles/evidence-action-kenya-2023-2024-66217272.xlsx,,1,2024-04-18T19:20:18.000,2024-04-18T19:20:18.000,,Evidence Action_Kenya_2023-2024
800450,Evidence Action,-1.185240885,34.59204643,2014-12-09T00:00:00.000,Yes,Borehole/Tubewell,Well,,,Improved,Kenya,KEN,Migori,Kuria West,Bukira Centrl/Ikerege,,,,,,,Non-Functional,,,,,,,6GCPRH7R+WR3,Kesando Borehole,,,KE,https://catalog.waterpointdata.org/datasets/evidence-action-kenya-wpdx-reingestion-5f74c47f,57295.94178,3693.426991,10.96841961,60298.84006,2873.736904,"{""2014-12-09"": {""source"": ""Evidence Action"", ""status_id"": ""Yes"", ""water_source_clean"": ""Borehole/Tubewell""}}",1417.0,310.0,,,0.218772054,1.033333333,300.0,4240,26.27626992,True,161129,False,1,Kenya,Borehole,,,,,,,,,POINT (34.5920464305 -1.1852408852),"(-1.1852408852°, 34.5920464305°)",https://catalog.waterpointdata.org/datafiles/evidence-action-kenya-wpdx-reingestion-5f74c47f.xlsx,,1,2020-09-30T17:46:39.000,2020-09-30T17:46:39.000,,Evidence Action_Kenya_2012-2016
640473,Evidence Action,-1.006298304,34.46844482,2024-10-01T00:00:00.000,Yes,Protected Well,Well,Motorized Pump - Electric,Motorized Pump,Improved,Kenya,KEN,Migori,Suna East,Kakrao,,,,,,,Non-Functional,,,,,10320335,,6GCPXFV9+F9P,,,,KE,https://catalog.waterpointdata.org/datasets/evidence-action-kenya-2023-2024-66217272,49535.0259,8380.107336,1157.822326,49978.74545,6670.999153,"{""2024-10-01"": {""source"": ""Evidence Action"", ""status_id"": ""Yes"", ""water_source_clean"": ""Protected Well"", ""water_tech_clean"": ""Motorized Pump - Electric""}}",2009.0,382.0,,,0.19014435,1.273333333,300.0,656,81.31986522,True,437226,False,1,Kenya,Protected Spring (not powered by solar/electricity),,,Migori,Suna East,Upper_Kakrao,,,,POINT (34.46844482421875 -1.006298303604126),"(-1.006298303604126°, 34.46844482421875°)",https://catalog.waterpointdata.org/datafiles/evidence-action-kenya-2023-2024-66217272.xlsx,,1,2024-04-18T19:20:18.000,2024-04-18T19:20:18.000,,Evidence Action_Kenya_2023-2024
99580,USAID/KEA KIWASH,-1.2816069,34.6147193,2021-01-29T00:00:00.000,Yes,Undefined Well,Well,Public Tapstand,Public Tapstand,Improved,Kenya,KEN,Migori,Kuria East,Nyabasi West,,2010.0,Community Based Organization/ Self-Help Group/ Faith Based Organization /NGO,,,Community Management,"Functional, not in use",,,,Unacceptable quality,Migori_enumerator-968AE7,,6GCPPJ97+9V5,,,https://api.mwater.co/v3/images/a8007cf296374555848d62bd7edd8beb,KE,https://catalog.waterpointdata.org/datasets/usaid-kiwash-kenya-2021-6372a622,65673.77613,3795.431019,445.4901046,69804.49452,9568.355603,"{""2021-01-29"": {""photo_lnk"": ""https://api.mwater.co/v3/images/a8007cf296374555848d62bd7edd8beb"", ""source"": ""USAID/KEA KIWASH"", ""status_id"": ""Yes"", ""water_source_clean"": ""Undefined Well"", ""water_tech_clean"": ""Public Tapstand""}}",2257.0,311.0,,,0.137793531,1.036666667,300.0,1997,53.2868423,True,402664,False,1,Kenya,Protected hand dug/ shallow well,"KIOSK, public tap",Yes- functional and in use,Migori,KURIA EAST,Nyabasi West,Project management committee,,"No, the water is not treated and safe for drinking",POINT (34.6147193 -1.2816069),"(-1.2816069°, 34.6147193°)",https://catalog.waterpointdata.org/datafiles/usaid-kiwash-kenya-2021-6372a622.csv,"#status_id, #orig_lnk",1,2022-11-14T20:33:38.000,2022-11-14T20:33:38.000,,USAID_KIWASH_Kenya_2021
640724,Evidence Action,-1.382073283,34.71946335,2023-11-23T00:00:00.000,Yes,Borehole/Tubewell,Well,,,Improved,Kenya,KEN,Migori,Kuria East,Ntimaru West,,,,,,,Non-Functional,,,,,10320650,,6GCPJP99+5QG,,,,KE,https://catalog.waterpointdata.org/datasets/evidence-action-kenya-2023-2024-66217272,71238.3451,1523.412864,3863.216864,78985.67737,23669.49635,"{""2023-11-23"": {""source"": ""Evidence Action"", ""status_id"": ""Yes"", ""water_source_clean"": ""Borehole/Tubewell""}}",2562.0,447.0,,,0.174473068,1.49,300.0,969,73.67979443,True,431003,False,1,Kenya,Borehole,,,Migori,Kuria East,Gwitembe,,,,POINT (34.71946334838867 -1.3820732831954956),"(-1.3820732831954956°, 34.71946334838867°)",https://catalog.waterpointdata.org/datafiles/evidence-action-kenya-2023-2024-66217272.xlsx,,1,2024-04-18T19:20:18.000,2024-04-18T19:20:18.000,,Evidence Action_Kenya_2023-2024
640307,Evidence Action,-1.023244977,34.57079315,2023-11-15T00:00:00.000,Yes,Protected Well,Well,Motorized Pump - Electric,Motorized Pump,Improved,Kenya,KEN,Migori,Uriri,East Kanyamkago,,,,,,,Non-Functional,,,,,10320131,,6GCPXHGC+P83,,,,KE,https://catalog.waterpointdata.org/datasets/evidence-action-kenya-2023-2024-66217272,43525.717,11605.64476,63.86534381,44850.74918,12548.64008,"{""2023-11-15"": {""source"": ""Evidence Action"", ""status_id"": ""Yes"", ""water_source_clean"": ""Protected Well"", ""water_tech_clean"": ""Motorized Pump - Electric""}}",1269.0,1075.0,,,0.847123719,3.583333333,300.0,977,73.49422976,True,429604,False,1,Kenya,Protected Spring (not powered by solar/electricity),,,Migori,Suna East,Remo,,,,POINT (34.57079315185547 -1.0232449769973755),"(-1.0232449769973755°, 34.57079315185547°)",https://catalog.waterpointdata.org/datafiles/evidence-action-kenya-2023-2024-66217272.xlsx,,1,2024-04-18T19:20:18.000,2024-04-18T19:20:18.000,,Evidence Action_Kenya_2023-2024
652794,Evidence Action,-1.2115531,34.6025654,2023-11-14T00:00:00.000,Yes,Protected Well,Well,Motorized Pump - Electric,Motorized Pump,Improved,Kenya,KEN,Migori,Kuria West,Bukira East,,,,,,,Non-Functional,,,,,10321253,,6GCPQJQ3+92G,,,,KE,https://catalog.waterpointdata.org/datasets/evidence-action-kenya-2023-2024-66217272,59292.9889,6022.05757,1173.546748,62704.66355,2352.411683,"{""2023-11-14"": {""source"": ""Evidence Action"", ""status_id"": ""Yes"", ""water_source_clean"": ""Protected Well"", ""water_tech_clean"": ""Motorized Pump - Electric""}}",2171.0,451.0,,,0.207738369,1.503333333,300.0,978,73.47106706,True,429484,False,1,Kenya,Protected Spring (not powered by solar/electricity),,,Migori,Kuria West,Taranganya,,,,POINT (34.6025654 -1.2115531),"(-1.2115531°, 34.6025654°)",https://catalog.waterpointdata.org/datafiles/evidence-action-kenya-2023-2024-66217272.xlsx,,1,2024-04-18T19:20:18.000,2024-04-18T19:20:18.000,,Evidence Action_Kenya_2023-2024
100998,USAID/KEA KIWASH,-0.971029,34.5747613,2021-02-03T00:00:00.000,Yes,Borehole/Tubewell,Well,Public Tapstand,Public Tapstand,Improved,Kenya,KEN,Migori,Awendo,South Sakwa,,2011.0,,,,Other,"Functional, not in use",,,,Unacceptable quality,Migori_enumerator-96MCUV,,6GFP2HHF+HWJ,,,https://api.mwater.co/v3/images/8f4dd85187cb4fad940e20f08ffa17e7,KE,https://catalog.waterpointdata.org/datasets/usaid-kiwash-kenya-2021-6372a622,38628.76149,16948.02412,151.7246864,39673.16409,8458.862922,"{""2021-02-03"": {""photo_lnk"": ""https://api.mwater.co/v3/images/8f4dd85187cb4fad940e20f08ffa17e7"", ""source"": ""USAID/KEA KIWASH"", ""status_id"": ""Yes"", ""water_source_clean"": ""Borehole/Tubewell"", ""water_tech_clean"": ""Public Tapstand""}}",1237.0,330.0,,,0.266774454,1.1,300.0,1992,53.3708921,True,404618,False,1,Kenya,Borehole,"KIOSK, public tap",Yes- functional and in use,Migori,AWENDO,South Sakwa,Other (please specify),,"No, the water is not treated and safe for drinking",POINT (34.5747613 -0.971029),"(-0.971029°, 34.5747613°)",https://catalog.waterpointdata.org/datafiles/usaid-kiwash-kenya-2021-6372a622.csv,"#status_id, #orig_lnk",1,2022-11-14T20:33:38.000,2022-11-14T20:33:38.000,,USAID_KIWASH_Kenya_2021
103490,USAID/KEA KIWASH,-1.027372,34.3312339,2021-02-02T00:00:00.000,Yes,Borehole/Tubewell,Well,,,Improved,Kenya,KEN,Migori,Suna West,Wiga,,1998.0,Company,,,Private Operator/Delegated Management,"Functional, not in use",,,,Unacceptable quality,Migori_enumerator-96L5CG,,6GCPX8FJ+3F5,,,https://api.mwater.co/v3/images/8ed67ad0e1af44cdaf981d54e26d2d06,KE,https://catalog.waterpointdata.org/datasets/usaid-kiwash-kenya-2021-6372a622,61981.01563,160.2213859,18.89927584,62673.47955,15678.37296,"{""2021-02-02"": {""photo_lnk"": ""https://api.mwater.co/v3/images/8ed67ad0e1af44cdaf981d54e26d2d06"", ""source"": ""USAID/KEA KIWASH"", ""status_id"": ""Yes"", ""water_source_clean"": ""Borehole/Tubewell""}}",2052.0,796.0,,,0.38791423,2.653333333,300.0,1993,53.35407154,True,404055,False,1,Kenya,Borehole,Piped pumping scheme,Yes- functional and in use,Migori,SUNA WEST,Wiga,Private operator/ professional manager,,"No, the water is not treated and safe for drinking",POINT (34.3312339 -1.027372),"(-1.027372°, 34.3312339°)",https://catalog.waterpointdata.org/datafiles/usaid-kiwash-kenya-2021-6372a622.csv,"#status_id, #orig_lnk",1,2022-11-14T20:33:38.000,2022-11-14T20:33:38.000,,USAID_KIWASH_Kenya_2021
103411,USAID/KEA KIWASH,-1.0845764,34.4974642,2021-01-29T00:00:00.000,Yes,Protected Well,Well,Public Tapstand,Public Tapstand,Improved,Kenya,KEN,Migori,Suna East,Suna Central,,2018.0,,,,Other,"Functional, not in use",,,,Unacceptable quality,Migori_enumerator-968AUV,,6GCPWF8W+5WH,Kodie Protected Spring,,https://api.mwater.co/v3/images/24196714fc964426b405d24bc8b6ef24,KE,https://catalog.waterpointdata.org/datasets/usaid-kiwash-kenya-2021-6372a622,53817.29408,3259.096628,367.227988,54889.10631,3968.827513,"{""2014-03-21"": {""source"": ""Evidence Action"", ""status_id"": ""Yes"", ""water_source_clean"": ""Protected Well""}, ""2021-01-29"": {""photo_lnk"": ""https://api.mwater.co/v3/images/24196714fc964426b405d24bc8b6ef24"", ""source"": ""USAID/KEA KIWASH"", ""status_id"": ""Yes"", ""water_source_clean"": ""Protected Well"", ""water_tech_clean"": ""Public Tapstand""}}",2293.0,239.0,,,0.104230266,0.796666667,300.0,1997,53.2868423,True,131524,False,2,Kenya,Protected spring,"KIOSK, public tap",Yes- functional and in use,Migori,SUNA EAST,Suna Central,Other (please specify),,"No, the water is not treated and safe for drinking",POINT (34.4974642 -1.0845764),"(-1.0845764°, 34.4974642°)",https://catalog.waterpointdata.org/datafiles/usaid-kiwash-kenya-2021-6372a622.csv,"#status_id, #orig_lnk",1,2022-11-14T20:33:38.000,2022-11-14T20:33:38.000,,USAID_KIWASH_Kenya_2021
641040,Evidence Action,-1.278958321,34.57549667,2023-07-12T00:00:00.000,Yes,Protected Well,Well,Motorized Pump - Electric,Motorized Pump,Improved,Kenya,KEN,Migori,Kuria East,Gokeharaka/Getambwega,,,,,,,Non-Functional,,,,,10321107,,6GCPPHCG+C59,,,,KE,https://catalog.waterpointdata.org/datasets/evidence-action-kenya-2023-2024-66217272,67301.13894,1301.469975,3488.633593,70717.22537,10309.24824,"{""2023-07-12"": {""source"": ""Evidence Action"", ""status_id"": ""Yes"", ""water_source_clean"": ""Protected Well"", ""water_tech_clean"": ""Motorized Pump - Electric""}}",1360.0,325.0,,,0.238970588,1.083333333,300.0,1103,70.63247567,True,427256,False,1,Kenya,Protected Spring (not powered by solar/electricity),,,Migori,Kuria East,Masongora,,,,POINT (34.575496673583984 -1.2789583206176758),"(-1.2789583206176758°, 34.575496673583984°)",https://catalog.waterpointdata.org/datafiles/evidence-action-kenya-2023-2024-66217272.xlsx,,1,2024-04-18T19:20:18.000,2024-04-18T19:20:18.000,,Evidence Action_Kenya_2023-2024
103365,USAID/KEA KIWASH,-1.0071887,34.4470688,2021-02-01T00:00:00.000,Yes,Protected Well,Well,Public Tapstand,Public Tapstand,Improved,Kenya,KEN,Migori,Suna East,Kakrao,,1990.0,,,,Other,"Functional, not in use",,,,Acceptable quality,Migori_enumerator-96G3ML,,6GCPXCVW+4QQ,Oyier Spring,,https://api.mwater.co/v3/images/4e1d1d54c456466dad9b153dc8698f29,KE,https://catalog.waterpointdata.org/datasets/usaid-kiwash-kenya-2021-6372a622,51169.77788,6947.546427,1108.573396,51666.64227,6919.712149,"{""2014-03-19"": {""source"": ""Evidence Action"", ""status_id"": ""Yes"", ""water_source_clean"": ""Protected Well""}, ""2021-02-01"": {""photo_lnk"": ""https://api.mwater.co/v3/images/4e1d1d54c456466dad9b153dc8698f29"", ""source"": ""USAID/KEA KIWASH"", ""status_id"": ""Yes"", ""water_source_clean"": ""Protected Well"", ""water_tech_clean"": ""Public Tapstand""}}",1355.0,286.0,,,0.211070111,0.953333333,300.0,1994,53.33725628,True,131448,False,2,Kenya,Protected spring,"KIOSK, public tap",Yes- functional and in use,Migori,SUNA EAST,Kakrao,Other (please specify),,"Yes, the water is treated and safe for drinking",POINT (34.4470688 -1.0071887),"(-1.0071887°, 34.4470688°)",https://catalog.waterpointdata.org/datafiles/usaid-kiwash-kenya-2021-6372a622.csv,"#status_id, #orig_lnk",1,2022-11-14T20:33:38.000,2022-11-14T20:33:38.000,,USAID_KIWASH_Kenya_2021
103468,USAID/KEA KIWASH,-1.0107633,34.5639567,2021-02-02T00:00:00.000,Yes,Protected Well,Well,Public Tapstand,Public Tapstand,Improved,Kenya,KEN,Migori,Uriri,East Kanyamkago,,,,,,Community Management,"Functional, needs repair",,,,Acceptable quality,Migori_enumerator-96JVLM,,6GCPXHQ7+MHW,,,https://api.mwater.co/v3/images/d208a8496aff48f7a48a6eb783a8e6a0,KE,https://catalog.waterpointdata.org/datasets/usaid-kiwash-kenya-2021-6372a622,42844.83284,12399.694,588.3892105,44039.19249,11918.03321,"{""2021-02-02"": {""photo_lnk"": ""https://api.mwater.co/v3/images/d208a8496aff48f7a48a6eb783a8e6a0"", ""source"": ""USAID/KEA KIWASH"", ""status_id"": ""Yes"", ""water_source_clean"": ""Protected Well"", ""water_tech_clean"": ""Public Tapstand""}}",1188.0,209.0,,,0.175925926,0.696666667,300.0,1993,53.35407154,True,404043,False,1,Kenya,Protected spring,"KIOSK, public tap",Partially- functional but needs repairs,Migori,URIRI,East Kanyamkago,Project management committee,,"Yes, the water is treated and safe for drinking",POINT (34.5639567 -1.0107633),"(-1.0107633°, 34.5639567°)",https://catalog.waterpointdata.org/datafiles/usaid-kiwash-kenya-2021-6372a622.csv,"#status_id, #orig_lnk",1,2022-11-14T20:33:38.000,2022-11-14T20:33:38.000,,USAID_KIWASH_Kenya_2021
799340,Evidence Action,-1.180733004,34.53351455,2014-08-28T00:00:00.000,Yes,Protected Well,Well,,,Improved,Kenya,KEN,Migori,Kuria West,Bukira Centrl/Ikerege,,,,,,,Non-Functional,,,,,,,6GCPRG9M+PC2,Kemurumbasi,,,KE,https://catalog.waterpointdata.org/datasets/evidence-action-kenya-wpdx-reingestion-5f74c47f,60382.24198,6038.859934,2761.774025,62262.94152,8940.121144,"{""2014-08-28"": {""source"": ""Evidence Action"", ""status_id"": ""Yes"", ""water_source_clean"": ""Protected Well""}}",873.0,148.0,,,0.169530355,0.493333333,300.0,4343,25.43685963,True,140057,False,1,Kenya,Protected Spring,,,,,,,,,POINT (34.533514551 -1.1807330043),"(-1.1807330043°, 34.533514551°)",https://catalog.waterpointdata.org/datafiles/evidence-action-kenya-wpdx-reingestion-5f74c47f.xlsx,,1,2020-09-30T17:46:39.000,2020-09-30T17:46:39.000,,Evidence Action_Kenya_2012-2016
640711,Evidence Action,-1.288731694,34.6848793,2023-11-21T00:00:00.000,Yes,Borehole/Tubewell,Well,,,Improved,Kenya,KEN,Migori,Kuria East,Ntimaru East,,,,,,,Non-Functional,,,,,10320635,,6GCPPM6M+GX2,,,,KE,https://catalog.waterpointdata.org/datasets/evidence-action-kenya-2023-2024-66217272,63397.00916,8301.339741,1259.287922,69100.11207,12887.61446,"{""2023-11-21"": {""source"": ""Evidence Action"", ""status_id"": ""Yes"", ""water_source_clean"": ""Borehole/Tubewell""}}",856.0,505.0,,,0.589953271,1.683333333,300.0,971,73.63335939,True,430561,False,1,Kenya,Borehole,,,Migori,Kuria East,Girigiri,,,,POINT (34.684879302978516 -1.2887316942214966),"(-1.2887316942214966°, 34.684879302978516°)",https://catalog.waterpointdata.org/datafiles/evidence-action-kenya-2023-2024-66217272.xlsx,,1,2024-04-18T19:20:18.000,2024-04-18T19:20:18.000,,Evidence Action_Kenya_2023-2024
800068,Evidence Action,-1.215325677,34.53289392,2014-05-09T00:00:00.000,Yes,Protected Well,Well,,,Improved,Kenya,KEN,Migori,Kuria West,Bukira Centrl/Ikerege,,,,,,,Non-Functional,,,,,,,6GCPQGMM+V56,Kemanganga Protected Spring,,,KE,https://catalog.waterpointdata.org/datasets/evidence-action-kenya-wpdx-reingestion-5f74c47f,63579.26333,4635.429885,443.62931,65783.28457,6581.771783,"{""2014-05-09"": {""source"": ""Evidence Action"", ""status_id"": ""Yes"", ""water_source_clean"": ""Protected Well""}}",1552.0,311.0,,,0.200386598,1.036666667,300.0,4454,24.56224786,True,132582,False,1,Kenya,Protected Spring,,,,,,,,,POINT (34.5328939171 -1.2153256766),"(-1.2153256766°, 34.5328939171°)",https://catalog.waterpointdata.org/datafiles/evidence-action-kenya-wpdx-reingestion-5f74c47f.xlsx,,1,2020-09-30T17:46:39.000,2020-09-30T17:46:39.000,,Evidence Action_Kenya_2012-2016
103456,USAID/KEA KIWASH,-0.8669778,34.5712523,2021-02-02T00:00:00.000,Yes,Undefined Well,Well,Public Tapstand,Public Tapstand,Improved,Kenya,KEN,Migori,Awendo,South Sakwa,,,,,,Other,"Functional, not in use",,,,Unacceptable quality,Migori_enumerator-96JPHZ,,6GFP4HMC+6G2,,,https://api.mwater.co/v3/images/8054c3f09a2e487a81051e02eac50e79,KE,https://catalog.waterpointdata.org/datasets/usaid-kiwash-kenya-2021-6372a622,30399.26028,12210.61988,21.9444274,30916.71738,6318.087576,"{""2021-02-02"": {""photo_lnk"": ""https://api.mwater.co/v3/images/8054c3f09a2e487a81051e02eac50e79"", ""source"": ""USAID/KEA KIWASH"", ""status_id"": ""Yes"", ""water_source_clean"": ""Undefined Well"", ""water_tech_clean"": ""Public Tapstand""}}",3405.0,514.0,,,0.150954479,1.713333333,300.0,1993,53.35407154,True,404037,False,1,Kenya,Protected hand dug/ shallow well,"KIOSK, public tap",Yes- functional and in use,Migori,RONGO,South kamagambo,Other (please specify),,"No, the water is not treated and safe for drinking",POINT (34.5712523 -0.8669778),"(-0.8669778°, 34.5712523°)",https://catalog.waterpointdata.org/datafiles/usaid-kiwash-kenya-2021-6372a622.csv,"#status_id, #orig_lnk",1,2022-11-14T20:33:38.000,2022-11-14T20:33:38.000,,USAID_KIWASH_Kenya_2021
799951,Evidence Action,-1.21933962,34.53993329,2014-04-09T00:00:00.000,Yes,Protected Well,Well,,,Improved,Kenya,KEN,Migori,Kuria East,Gokeharaka/Getambwega,,,,,,,Non-Functional,,,,,,,6GCPQGJQ+7X7,Kemarigo Protected Spring,,,KE,https://catalog.waterpointdata.org/datasets/evidence-action-kenya-wpdx-reingestion-5f74c47f,63525.0152,4572.134386,300.3931255,65885.21976,7143.97809,"{""2014-04-09"": {""source"": ""Evidence Action"", ""status_id"": ""Yes"", ""water_source_clean"": ""Protected Well""}}",1556.0,651.0,,,0.418380463,2.17,300.0,4484,24.33107229,True,132089,False,1,Kenya,Protected Spring,,,,,,,,,POINT (34.5399332874 -1.2193396204),"(-1.2193396204°, 34.5399332874°)",https://catalog.waterpointdata.org/datafiles/evidence-action-kenya-wpdx-reingestion-5f74c47f.xlsx,,1,2020-09-30T17:46:39.000,2020-09-30T17:46:39.000,,Evidence Action_Kenya_2012-2016
640272,Evidence Action,-1.073755026,34.37129593,2023-11-17T00:00:00.000,Yes,Borehole/Tubewell,Well,,,Improved,Kenya,KEN,Migori,Suna West,Wiga,,,,,,,Non-Functional,,,,,10320090,,6GCPW9GC+FGV,,,,KE,https://catalog.waterpointdata.org/datasets/evidence-action-kenya-2023-2024-66217272,62296.87543,3911.511154,684.8240197,62823.23244,10636.83097,"{""2023-11-17"": {""source"": ""Evidence Action"", ""status_id"": ""Yes"", ""water_source_clean"": ""Borehole/Tubewell""}}",809.0,208.0,,,0.25710754,0.693333333,300.0,975,73.54057707,True,430108,False,1,Kenya,Borehole,,,Migori,Suna West,Mukuro,,,,POINT (34.37129592895508 -1.0737550258636475),"(-1.0737550258636475°, 34.37129592895508°)",https://catalog.waterpointdata.org/datafiles/evidence-action-kenya-2023-2024-66217272.xlsx,,1,2024-04-18T19:20:18.000,2024-04-18T19:20:18.000,,Evidence Action_Kenya_2023-2024
800155,Evidence Action,-0.914413964,34.49385644,2014-08-09T00:00:00.000,Yes,Protected Well,Well,,,Improved,Kenya,KEN,Migori,Uriri,North Kanyamkago,,,,,,,Non-Functional,,,,,,,6GFP3FPV+6GQ,Kogolla,,,KE,https://catalog.waterpointdata.org/datasets/evidence-action-kenya-wpdx-reingestion-5f74c47f,40170.66369,18340.96285,942.2585779,40788.21591,4274.027261,"{""2014-08-09"": {""source"": ""Evidence Action"", ""status_id"": ""Yes"", ""water_source_clean"": ""Protected Well""}}",1812.0,289.0,,,0.159492274,0.963333333,300.0,4362,25.28497228,True,138111,False,1,Kenya,Protected Spring,,,,,,,,,POINT (34.4938564405 -0.9144139639),"(-0.9144139639°, 34.4938564405°)",https://catalog.waterpointdata.org/datafiles/evidence-action-kenya-wpdx-reingestion-5f74c47f.xlsx,,1,2020-09-30T17:46:39.000,2020-09-30T17:46:39.000,,Evidence Action_Kenya_2012-2016
800114,Evidence Action,-0.924268734,34.46284992,2014-07-09T00:00:00.000,Yes,Protected Well,Well,,,Improved,Kenya,KEN,Migori,Uriri,Central Kanyamkago,,,,,,,Non-Functional,,,,,,,6GFP3FG7+74X,Kosongo Protected Spring,,,KE,https://catalog.waterpointdata.org/datasets/evidence-action-kenya-wpdx-reingestion-5f74c47f,43446.0521,15487.43831,2018.540392,44116.81742,7874.334185,"{""2014-07-09"": {""source"": ""Evidence Action"", ""status_id"": ""Yes"", ""water_source_clean"": ""Protected Well""}}",1601.0,321.0,,,0.200499688,1.07,300.0,4393,25.03910065,True,134767,False,1,Kenya,Protected Spring,,,,,,,,,POINT (34.46284992 -0.9242687338),"(-0.9242687338°, 34.46284992°)",https://catalog.waterpointdata.org/datafiles/evidence-action-kenya-wpdx-reingestion-5f74c47f.xlsx,,1,2020-09-30T17:46:39.000,2020-09-30T17:46:39.000,,Evidence Action_Kenya_2012-2016
640935,Evidence Action,-1.368195057,34.719944,2023-11-23T00:00:00.000,Yes,Borehole/Tubewell,Well,,,Improved,Kenya,KEN,Migori,Kuria East,Ntimaru West,,,,,,,Non-Functional,,,,,10320945,,6GCPJPJ9+PXG,,,,KE,https://catalog.waterpointdata.org/datasets/evidence-action-kenya-2023-2024-66217272,69788.00083,2674.832981,5357.642892,77451.03099,22369.09959,"{""2023-11-23"": {""source"": ""Evidence Action"", ""status_id"": ""Yes"", ""water_source_clean"": ""Borehole/Tubewell""}}",3403.0,1705.0,,,0.501028504,5.683333333,300.0,969,73.67979443,True,431006,False,1,Kenya,Borehole,,,Migori,Kuria East,Seronga,,,,POINT (34.71994400024414 -1.3681950569152832),"(-1.3681950569152832°, 34.71994400024414°)",https://catalog.waterpointdata.org/datafiles/evidence-action-kenya-2023-2024-66217272.xlsx,,1,2024-04-18T19:20:18.000,2024-04-18T19:20:18.000,,Evidence Action_Kenya_2023-2024
640328,Evidence Action,-1.01494503,34.48716354,2024-12-01T00:00:00.000,Yes,Protected Well,Well,Motorized Pump - Electric,Motorized Pump,Improved,Kenya,KEN,Migori,Suna East,Kakrao,,,,,,,Non-Functional,,,,,10320154,,6GCPXFPP+2VF,,,,KE,https://catalog.waterpointdata.org/datasets/evidence-action-kenya-2023-2024-66217272,48732.8868,8538.681784,622.8970528,49350.89212,6153.229154,"{""2024-12-01"": {""source"": ""Evidence Action"", ""status_id"": ""Yes"", ""water_source_clean"": ""Protected Well"", ""water_tech_clean"": ""Motorized Pump - Electric""}}",2529.0,307.0,,,0.121391854,1.023333333,300.0,595,82.89861343,True,438089,False,1,Kenya,Protected Spring (not powered by solar/electricity),,,Migori,Suna East,Upper_Kakrao,,,,POINT (34.48716354370117 -1.0149450302124023),"(-1.0149450302124023°, 34.48716354370117°)",https://catalog.waterpointdata.org/datafiles/evidence-action-kenya-2023-2024-66217272.xlsx,,1,2024-04-18T19:20:18.000,2024-04-18T19:20:18.000,,Evidence Action_Kenya_2023-2024
785154,Evidence Action,-0.890055877,34.55785274,2014-04-22T00:00:00.000,Yes,Borehole/Tubewell,Well,,,Improved,Kenya,KEN,Migori,Awendo,South Sakwa,,,,,,,Non-Functional,,,,,,,6GFP4H55+X4H,Kaoko Borehole,,,KE,https://catalog.waterpointdata.org/datasets/evidence-action-kenya-wpdx-reingestion-5f74c47f,33297.83527,15114.84232,1744.020846,33783.59014,3519.851639,"{""2014-04-22"": {""source"": ""Evidence Action"", ""status_id"": ""Yes"", ""water_source_clean"": ""Borehole/Tubewell""}}",2797.0,2682.0,,,0.958884519,8.94,300.0,4471,24.43098002,True,132261,False,1,Kenya,Borehole,,,,,,,,,POINT (34.5578527381 -0.8900558774),"(-0.8900558774°, 34.5578527381°)",https://catalog.waterpointdata.org/datafiles/evidence-action-kenya-wpdx-reingestion-5f74c47f.xlsx,,1,2020-09-30T17:46:39.000,2020-09-30T17:46:39.000,,Evidence Action_Kenya_2012-2016
800051,Evidence Action,-1.219224795,34.53506933,2014-05-09T00:00:00.000,Yes,Protected Well,Well,,,Improved,Kenya,KEN,Migori,Kuria West,Bukira Centrl/Ikerege,,,,,,,Non-Functional,,,,,,,6GCPQGJP+828,Esther Mogosi Protected Spring,,,KE,https://catalog.waterpointdata.org/datasets/evidence-action-kenya-wpdx-reingestion-5f74c47f,63807.48675,4333.429008,82.21050019,66083.82359,6638.771091,"{""2014-05-09"": {""source"": ""Evidence Action"", ""status_id"": ""Yes"", ""water_source_clean"": ""Protected Well""}}",1646.0,414.0,,,0.251518834,1.38,300.0,4454,24.56224786,True,132577,False,1,Kenya,Protected Spring,,,,,,,,,POINT (34.5350693276 -1.2192247954),"(-1.2192247954°, 34.5350693276°)",https://catalog.waterpointdata.org/datafiles/evidence-action-kenya-wpdx-reingestion-5f74c47f.xlsx,,1,2020-09-30T17:46:39.000,2020-09-30T17:46:39.000,,Evidence Action_Kenya_2012-2016
652844,Evidence Action,-1.10716,34.37617833,2023-03-10T00:00:00.000,Yes,Borehole/Tubewell,Well,,,Improved,Kenya,KEN,Migori,Suna West,Wasimbete,,,,,,,Non-Functional,,,,,10340869,,6GCPV9VG+4FM,,,,KE,https://catalog.waterpointdata.org/datasets/evidence-action-kenya-2023-2024-66217272,64676.41342,656.6228612,558.8433641,65138.37153,11018.00619,"{""2023-03-10"": {""source"": ""Evidence Action"", ""status_id"": ""Yes"", ""water_source_clean"": ""Borehole/Tubewell""}}",1305.0,295.0,,,0.22605364,0.983333333,300.0,1227,67.92496216,True,424958,False,1,Kenya,Borehole,,,Migori,Suna West,Wasweta,,,,POINT (34.3761783333 -1.10716),"(-1.10716°, 34.3761783333°)",https://catalog.waterpointdata.org/datafiles/evidence-action-kenya-2023-2024-66217272.xlsx,,1,2024-04-18T19:20:18.000,2024-04-18T19:20:18.000,,Evidence Action_Kenya_2023-2024
103483,USAID/KEA KIWASH,-1.0603384,34.3204746,2021-02-02T00:00:00.000,Yes,Undefined Well,Well,Public Tapstand,Public Tapstand,Improved,Kenya,KEN,Migori,Suna West,Wiga,,2002.0,Community Based Organization/ Self-Help Group/ Faith Based Organization /NGO,,,Private Operator/Delegated Management,"Functional, not in use",,,,Unacceptable quality,Migori_enumerator-96L3BG,,6GCPW8QC+V56,Godkwer Center Borehole,,https://api.mwater.co/v3/images/8316a130df0640c2870a56bc74db7372,KE,https://catalog.waterpointdata.org/datasets/usaid-kiwash-kenya-2021-6372a622,65290.60772,3984.805335,61.38796037,65936.56214,16278.5691,"{""2014-03-27"": {""source"": ""Evidence Action"", ""status_id"": ""Yes"", ""water_source_clean"": ""Borehole/Tubewell""}, ""2021-02-02"": {""photo_lnk"": ""https://api.mwater.co/v3/images/8316a130df0640c2870a56bc74db7372"", ""source"": ""USAID/KEA KIWASH"", ""status_id"": ""Yes"", ""water_source_clean"": ""Undefined Well"", ""water_tech_clean"": ""Public Tapstand""}}",1359.0,643.0,,,0.473142016,2.143333333,300.0,1993,53.35407154,True,131726,False,2,Kenya,Protected hand dug/ shallow well,"KIOSK, public tap",Yes- functional and in use,Migori,SUNA WEST,Wiga,Private operator/ professional manager,,"No, the water is not treated and safe for drinking",POINT (34.3204746 -1.0603384),"(-1.0603384°, 34.3204746°)",https://catalog.waterpointdata.org/datafiles/usaid-kiwash-kenya-2021-6372a622.csv,"#status_id, #orig_lnk",1,2022-11-14T20:33:38.000,2022-11-14T20:33:38.000,,USAID_KIWASH_Kenya_2021
640574,Evidence Action,-1.076958299,34.46502686,2023-11-21T00:00:00.000,Yes,Protected Well,Well,Motorized Pump - Electric,Motorized Pump,Improved,Kenya,KEN,Migori,Suna West,Ragana-Oruba,,,,,,,Non-Functional,,,,,10320458,,6GCPWFF8+62C,Sanja Women Group Protected Spring,,,KE,https://catalog.waterpointdata.org/datasets/evidence-action-kenya-2023-2024-66217272,55452.32706,2192.610711,1744.786947,56271.67954,1158.671164,"{""2014-03-04"": {""source"": ""Evidence Action"", ""status_id"": ""Yes"", ""water_source_clean"": ""Protected Well""}, ""2023-11-21"": {""source"": ""Evidence Action"", ""status_id"": ""Yes"", ""water_source_clean"": ""Protected Well"", ""water_tech_clean"": ""Motorized Pump - Electric""}}",11042.0,2770.0,,,0.250860351,9.233333333,300.0,971,73.63335939,True,130876,True,2,Kenya,Protected Spring (not powered by solar/electricity),,,Migori,Suna West,Oruba,,,,POINT (34.46502685546875 -1.0769582986831665),"(-1.0769582986831665°, 34.46502685546875°)",https://catalog.waterpointdata.org/datafiles/evidence-action-kenya-2023-2024-66217272.xlsx,,1,2024-04-18T19:20:18.000,2024-04-18T19:20:18.000,,Evidence Action_Kenya_2023-2024
103527,USAID/KEA KIWASH,-0.9604067,34.417695,2021-02-03T00:00:00.000,Yes,Borehole/Tubewell,Well,,,Improved,Kenya,KEN,Migori,Uriri,West Kanyamkago,,2014.0,Other (please specify),,,Other,"Functional, needs repair",,,,Unacceptable quality,Migori_enumerator-96M7WK,,6GFP2CQ9+R3P,,,https://api.mwater.co/v3/images/0d177a726d154452b4dc77390a971c58,KE,https://catalog.waterpointdata.org/datasets/usaid-kiwash-kenya-2021-6372a622,49858.42253,9625.136685,1339.753254,50536.53587,12942.56727,"{""2021-02-03"": {""photo_lnk"": ""https://api.mwater.co/v3/images/0d177a726d154452b4dc77390a971c58"", ""source"": ""USAID/KEA KIWASH"", ""status_id"": ""Yes"", ""water_source_clean"": ""Borehole/Tubewell""}}",1179.0,580.0,,,0.491942324,1.933333333,300.0,1992,53.3708921,True,404868,False,1,Kenya,Borehole,Piped pumping scheme,Partially- functional but needs repairs,Migori,URIRI,West Kanyamkago,Other (please specify),,"No, the water is not treated and safe for drinking",POINT (34.417695 -0.9604067),"(-0.9604067°, 34.417695°)",https://catalog.waterpointdata.org/datafiles/usaid-kiwash-kenya-2021-6372a622.csv,"#status_id, #orig_lnk",1,2022-11-14T20:33:38.000,2022-11-14T20:33:38.000,,USAID_KIWASH_Kenya_2021
103262,USAID/KEA KIWASH,-1.1699114,34.4907941,2021-01-28T00:00:00.000,Yes,Protected Well,Well,Hand Pump,Hand Pump,Improved,Kenya,KEN,Migori,Kuria West,Tagare,,2008.0,Community Based Organization/ Self-Help Group/ Faith Based Organization /NGO,,,Community Management,"Functional, not in use",,,,Unacceptable quality,Migori_enumerator-965YK9,,6GCPRFJR+27H,Kenyabusa Borehole,,https://api.mwater.co/v3/images/2117362be2ff4ef982b16d8d363ae11b,KE,https://catalog.waterpointdata.org/datasets/usaid-kiwash-kenya-2021-6372a622,61945.37384,5393.832203,830.0861363,63351.43981,7891.389225,"{""2014-08-09"": {""source"": ""Evidence Action"", ""status_id"": ""Yes"", ""water_source_clean"": ""Borehole/Tubewell""}, ""2021-01-28"": {""photo_lnk"": ""https://api.mwater.co/v3/images/2117362be2ff4ef982b16d8d363ae11b"", ""source"": ""USAID/KEA KIWASH"", ""status_id"": ""Yes"", ""water_source_clean"": ""Protected Well"", ""water_tech_clean"": ""Hand Pump""}}",1240.0,301.0,,,0.242741935,1.003333333,300.0,1998,53.27004823,True,138114,False,2,Kenya,Protected hand dug/ shallow well,Piped gravity scheme,Yes- functional and in use,Migori,KURIA WEST,Tagare,Project management committee,,"No, the water is not treated and safe for drinking",POINT (34.4907941 -1.1699114),"(-1.1699114°, 34.4907941°)",https://catalog.waterpointdata.org/datafiles/usaid-kiwash-kenya-2021-6372a622.csv,"#status_id, #orig_lnk",1,2022-11-14T20:33:38.000,2022-11-14T20:33:38.000,,USAID_KIWASH_Kenya_2021
100122,USAID/KEA KIWASH,-1.2225433,34.4401733,2021-02-04T00:00:00.000,Yes,Borehole/Tubewell,Well,,,Improved,Kenya,KEN,Migori,Kuria West,Nyamosense/Komosoko,,2013.0,Community Based Organization/ Self-Help Group/ Faith Based Organization /NGO,,,Community Management,"Functional, not in use",,,,Unacceptable quality,Migori_enumerator-96PYMS,,6GCPQCGR+X3W,,,https://api.mwater.co/v3/images/25acded5c16142588f9136965e0e6a22,KE,https://catalog.waterpointdata.org/datasets/usaid-kiwash-kenya-2021-6372a622,69918.88882,4601.997685,27.01883536,71208.23359,4769.873138,"{""2021-01-29"": {""photo_lnk"": ""https://api.mwater.co/v3/images/8ec31a8a812b4cbbb3455df951f466e4"", ""source"": ""USAID/KEA KIWASH"", ""status_id"": ""Yes"", ""water_source_clean"": ""Borehole/Tubewell""}, ""2021-02-04"": {""photo_lnk"": ""https://api.mwater.co/v3/images/25acded5c16142588f9136965e0e6a22"", ""source"": ""USAID/KEA KIWASH"", ""status_id"": ""Yes"", ""water_source_clean"": ""Borehole/Tubewell""}}",1560.0,1552.0,,,0.994871795,5.173333333,300.0,1991,53.38771796,True,402667,False,2,Kenya,Borehole,Piped pumping scheme,Yes- functional and in use,Migori,KURIA WEST,Nyamosense/Komosoko,Project management committee,,"No, the water is not treated and safe for drinking",POINT (34.4401733 -1.2225433),"(-1.2225433°, 34.4401733°)",https://catalog.waterpointdata.org/datafiles/usaid-kiwash-kenya-2021-6372a622.csv,"#status_id, #orig_lnk",1,2022-11-14T20:33:38.000,2022-11-14T20:33:38.000,,USAID_KIWASH_Kenya_2021
641006,Evidence Action,-1.258679736,34.56892371,2023-11-15T00:00:00.000,Yes,Borehole/Tubewell,Well,Public Tapstand,Public Tapstand,Improved,Kenya,KEN,Migori,Kuria East,Gokeharaka/Getambwega,,2014.0,Community Based Organization/ Self-Help Group/ Faith Based Organization /NGO,,,Community Management,Non-Functional,,,,Unacceptable quality,10321055,,6GCPPHR9+GG9,,,https://api.mwater.co/v3/images/2c3e258c6f82483e9ba94379bdb5572b,KE,https://catalog.waterpointdata.org/datasets/evidence-action-kenya-2023-2024-66217272,65654.16422,2864.201153,3885.254843,68820.13364,8771.948131,"{""2021-02-03"": {""photo_lnk"": ""https://api.mwater.co/v3/images/2c3e258c6f82483e9ba94379bdb5572b"", ""source"": ""USAID/KEA KIWASH"", ""status_id"": ""Yes"", ""water_source_clean"": ""Protected Well"", ""water_tech_clean"": ""Public Tapstand""}, ""2023-11-15"": {""photo_lnk"": ""https://api.mwater.co/v3/images/2c3e258c6f82483e9ba94379bdb5572b"", ""source"": ""Evidence Action"", ""status_id"": ""Yes"", ""water_source_clean"": ""Borehole/Tubewell"", ""water_tech_clean"": ""Public Tapstand""}}",2135.0,413.0,,,0.193442623,1.376666667,300.0,977,73.49422976,True,404879,False,2,Kenya,Borehole,"KIOSK, public tap",Yes- functional and in use,Migori,Kuria West,Ihore,Project management committee,,"No, the water is not treated and safe for drinking",POINT (34.5689237131 -1.2586797363),"(-1.2586797363°, 34.5689237131°)",https://catalog.waterpointdata.org/datafiles/evidence-action-kenya-2023-2024-66217272.xlsx,"#status_id, #orig_lnk",1,2024-04-18T19:20:18.000,2024-04-18T19:20:18.000,,Evidence Action_Kenya_2023-2024
800360,Evidence Action,-0.961778485,34.45786356,2014-11-09T00:00:00.000,Yes,Protected Well,Well,,,Improved,Kenya,KEN,Migori,Uriri,West Kanyamkago,,,,,,,Non-Functional,,,,,,,6GFP2FQ5+74Q,Ogada Protected Spring,,,KE,https://catalog.waterpointdata.org/datasets/evidence-action-kenya-wpdx-reingestion-5f74c47f,46697.67844,11753.87204,27.86300003,47278.31764,10147.11058,"{""2014-11-09"": {""source"": ""Evidence Action"", ""status_id"": ""Yes"", ""water_source_clean"": ""Protected Well""}}",1082.0,332.0,,,0.306839187,1.106666667,300.0,4270,26.02896228,True,156757,False,1,Kenya,Protected Spring,,,,,,,,,POINT (34.4578635632 -0.9617784849),"(-0.9617784849°, 34.4578635632°)",https://catalog.waterpointdata.org/datafiles/evidence-action-kenya-wpdx-reingestion-5f74c47f.xlsx,,1,2020-09-30T17:46:39.000,2020-09-30T17:46:39.000,,Evidence Action_Kenya_2012-2016
